Slug Name,Project Start,Project End,days,Communication Skills,Feasibility Analysis,Ideation,User-Centered Design,Trend Analysis,Problem Solving,Design Planning,Cross-functional Collaboration,Product Conceptualization,User Experience (UX) Design,Innovation,Design Research,Risk Assessment,Cost/Benefit Analysis,Technical Feasibility,Decision Making,Business Acumen,Technical Communication,CAD (Computer-Aided Design),Prototyping,Materials Knowledge,Product Testing,Performance Analysis,Reliability Testing,Usability Testing,Simulation,Data Analysis,Continuous Improvement,Iterative Design,Value Engineering,Feedback Incorporation,Iterative Prototyping,Process Optimization,Materials Selection,Production Planning,Supplier Management,Cost Reduction,Design for Manufacturing (DFM),Jig and Fixture Design,Testing Automation,Tolerance Analysis,Production Coordination,Assembly Processes,Quality Management,Lean Manufacturing,Six Sigma,Inspection Techniques,Statistical Process Control (SPC),Human Factors and Ergonomics,Geometric Design and Tolerancing (GD&T),Failure Mode and Effects Analysis (FMEA),Graphic Design,Consumer Psychology,Product Launch Planning,Supply Chain Management,Logistics Planning,Global Logistics,Project Management,Launch Planning,Stakeholder Communication,Risk Management,Project Coordination,Customer Feedback Analysis,Product Knowledge,Post-Launch Analysis,KPI Tracking,Root Cause Analysis,Lessons Learned,Agile Methodology
dreamjob,11/23/2025,12/31/2040,5517,8.87,10.63,9.62,8.77,10.61,8.37,10.03,9.82,9.41,8.25,10.58,8.92,9.74,9.97,10.03,9.22,9.08,9.21,75.56,86.60,66.13,71.61,9.74,81.60,76.76,60.94,8.97,9.95,9.71,9.44,8.53,95.01,8.75,8.81,9.20,8.49,8.23,79.60,8.59,66.77,85.97,8.89,10.54,9.84,7.98,8.40,9.00,9.63,8.31,8.31,9.64,10.41,8.98,8.13,9.53,10.49,10.17,10.61,8.26,9.70,9.35,8.79,9.76,8.06,8.84,8.79,10.22,9.01,10.05
Freelance,9/1/2022,11/23/2025,1179,6.81,7.13,7.91,6.87,8.46,7.36,6.56,8.22,6.63,6.87,8.82,8.05,7.37,6.98,7.36,6.94,8.37,7.34,70.73,76.89,56.45,62.60,8.14,61.73,53.34,61.70,7.70,7.86,7.24,7.45,8.31,63.23,6.71,8.45,8.22,8.25,7.85,74.95,6.79,65.87,63.80,8.60,7.93,7.31,7.06,7.24,7.92,7.67,6.99,7.70,6.95,7.56,7.17,8.24,8.83,7.52,7.33,8.42,8.58,8.72,7.40,8.47,8.11,8.02,8.16,6.54,7.45,8.81,7.12
Makeline,5/1/2021,8/24/2022,480,7.60,6.31,6.60,7.16,6.52,6.64,5.76,5.89,6.33,6.61,7.33,6.79,6.80,7.55,7.53,6.28,7.11,5.82,52.17,54.91,50.32,46.62,7.35,54.48,51.04,50.86,7.00,6.37,6.95,6.65,6.07,54.66,5.91,6.22,7.31,6.55,6.17,63.93,6.67,46.64,55.91,6.12,5.76,6.63,7.04,5.77,6.58,6.71,6.65,7.01,7.67,6.97,6.98,5.80,6.65,7.62,7.34,7.40,7.45,5.73,7.09,5.74,7.45,7.45,5.78,7.34,5.77,6.80,7.64
Dispensers,12/1/2021,8/24/2022,266,6.92,5.55,6.29,6.81,6.91,6.50,5.59,5.53,6.56,6.07,6.96,5.82,5.67,6.65,5.96,5.65,5.48,5.97,59.69,52.62,52.50,47.51,5.18,42.92,47.46,36.44,6.84,6.48,5.74,5.28,5.52,57.39,5.50,6.21,6.75,5.41,6.82,58.95,5.30,55.56,52.48,5.74,5.78,6.18,6.58,5.53,5.35,6.75,5.26,6.71,6.41,5.51,6.06,5.30,6.26,6.41,5.16,5.24,5.23,5.89,6.61,6.88,6.74,5.92,6.27,6.26,5.63,6.84,6.04
Backsplash,7/1/2021,12/31/2021,183,6.34,4.84,5.27,5.71,5.44,5.87,4.96,5.95,6.18,5.71,5.77,6.22,4.96,5.49,5.39,5.92,5.08,5.62,58.44,55.87,45.28,44.92,5.74,38.94,39.89,41.55,6.45,5.46,5.05,6.27,5.69,50.85,5.51,5.62,6.38,6.27,6.09,52.22,6.28,50.32,43.45,6.28,5.33,5.28,5.36,6.16,5.19,5.82,5.37,5.76,5.49,5.70,5.45,5.37,6.42,6.36,5.75,5.60,4.83,5.48,5.38,6.39,5.96,5.86,5.76,5.84,6.43,5.15,5.95
Portion Cup,5/1/2021,8/15/2021,106,5.64,5.39,4.64,5.46,5.29,4.32,4.89,4.87,5.77,5.79,5.80,4.51,5.64,5.75,5.62,5.79,5.18,5.20,50.33,43.50,41.96,43.69,5.57,39.22,43.43,35.48,4.69,5.17,4.88,5.59,4.64,41.03,5.67,5.24,5.00,5.27,4.62,39.74,4.42,45.01,45.46,5.35,5.70,4.34,5.10,5.49,4.37,4.63,5.75,5.25,4.65,5.45,5.40,5.38,4.57,5.72,5.55,4.36,4.89,5.62,5.21,5.67,4.45,5.34,4.93,4.35,4.74,5.71,5.32
Pet Scale,2/1/2019,3/15/2019,42,3.53,4.45,3.93,4.30,3.94,33.91,4.66,4.45,4.06,3.73,3.68,4.02,4.40,4.53,4.39,4.00,3.91,4.64,3.83,3.55,4.21,3.52,4.16,4.48,4.49,3.68,24.15,4.10,3.86,4.36,4.15,3.73,4.08,3.63,4.62,3.65,3.66,4.52,4.15,32.13,3.70,4.57,4.00,4.59,4.62,4.06,4.33,3.74,4.18,3.81,4.12,4.08,3.61,4.61,3.83,4.60,4.39,4.36,4.20,3.92,3.86,3.94,4.47,4.55,4.18,4.62,3.82,3.78,28.41
battery lock,1/1/2019,4/15/2019,104,5.72,4.33,5.17,5.21,4.97,5.32,4.76,5.13,5.30,5.52,4.73,5.27,5.60,4.85,4.57,5.60,5.63,5.00,47.44,44.39,42.80,37.38,5.42,45.90,42.48,30.67,5.38,4.32,4.32,5.13,4.32,49.99,4.35,4.81,4.64,4.68,5.06,40.70,4.87,39.08,41.01,5.07,4.30,4.50,5.28,4.44,5.18,4.38,4.98,4.59,4.84,4.94,5.51,5.73,5.25,5.37,4.96,4.98,5.80,5.80,4.92,4.63,5.74,4.95,5.62,5.33,5.70,5.37,5.22
IOT module,11/1/2018,2/1/2019,92,5.54,5.03,4.69,5.36,4.98,4.99,4.24,4.93,5.37,5.44,5.10,5.44,5.43,5.05,5.14,5.14,4.47,4.40,42.57,43.31,35.16,43.54,4.26,42.14,34.88,38.06,5.59,5.16,4.49,5.21,5.04,46.35,5.21,5.13,4.39,4.76,4.20,46.06,5.42,39.31,44.89,4.36,4.28,5.62,4.49,4.20,5.04,4.87,5.15,5.09,4.51,5.11,4.65,4.43,5.53,4.44,5.20,4.94,4.90,5.58,4.71,4.77,5.58,4.38,4.22,4.52,5.47,4.60,5.21
bay wheels,11/1/2018,5/1/2019,181,5.48,5.04,5.79,6.03,5.97,6.23,5.30,5.67,6.11,4.82,5.95,6.43,5.54,4.99,6.33,5.10,4.97,6.14,57.83,49.07,39.45,47.92,5.97,44.96,51.01,43.81,6.25,5.84,5.35,5.79,6.30,47.19,5.70,5.08,6.16,6.24,5.56,57.09,6.42,47.57,39.28,5.31,6.40,6.34,5.88,5.44,5.51,5.88,5.56,5.37,5.09,5.99,5.14,6.45,6.38,5.77,6.20,5.11,5.79,5.50,5.47,6.25,4.84,6.40,6.45,6.19,6.35,6.15,6.36
Switches,7/1/2017,3/1/2018,243,6.56,5.58,6.71,6.07,5.90,6.79,6.41,6.79,6.36,6.41,5.21,5.91,6.53,5.36,6.72,5.40,6.06,6.28,49.98,61.56,52.21,44.38,6.02,52.82,54.72,39.20,5.79,5.83,5.53,6.42,6.07,58.92,6.85,5.15,5.46,6.62,5.66,55.31,6.01,42.54,54.33,6.56,5.96,6.50,6.23,5.83,6.55,6.52,5.08,6.21,5.96,5.74,6.22,6.57,5.55,5.44,6.67,6.11,6.85,5.65,5.58,6.13,5.11,5.74,6.80,6.08,6.19,6.43,5.55
Extension Switches,3/1/2017,2/1/2018,337,6.45,5.73,6.76,5.88,6.28,6.55,6.16,6.14,5.57,5.41,7.07,6.72,6.41,6.01,5.38,5.83,5.39,6.02,62.56,64.57,51.58,51.35,6.73,53.76,45.26,40.77,6.39,5.93,5.96,6.33,6.56,49.62,7.10,6.20,6.93,6.12,6.01,58.38,5.65,50.76,48.03,5.42,6.91,7.19,6.13,5.61,6.92,6.51,5.60,6.31,6.59,6.56,6.07,7.17,7.11,7.20,6.03,6.16,6.83,7.13,5.53,5.70,6.79,6.17,6.70,7.05,6.95,6.98,5.92
Room Director,8/1/2017,1/1/2018,153,5.48,4.73,6.21,6.02,4.77,5.11,5.95,5.50,5.11,4.81,4.93,5.06,4.96,5.87,5.15,5.45,5.21,6.11,42.61,55.98,41.50,42.07,5.18,39.45,39.20,34.62,5.57,5.35,5.60,5.21,5.29,41.95,6.05,4.71,6.27,6.17,5.86,47.50,5.67,48.75,44.60,4.86,6.00,4.93,4.88,5.85,5.19,5.38,5.84,4.97,4.68,5.16,4.87,4.93,5.79,4.97,5.01,5.33,5.95,6.01,5.33,5.59,4.95,5.98,5.11,5.47,5.60,6.21,5.52
Wall Plates,3/1/2017,2/1/2018,337,6.13,6.52,5.96,6.48,7.12,5.92,6.89,5.45,6.69,5.67,6.17,6.36,5.87,6.22,5.95,6.45,6.67,6.37,51.65,62.21,51.05,45.86,6.71,53.42,47.86,49.70,6.25,7.19,6.75,5.63,6.84,55.27,5.65,5.55,7.15,7.01,6.81,51.60,6.33,52.32,56.92,5.87,6.46,6.78,7.13,5.84,5.75,6.92,7.03,6.87,5.71,6.92,5.73,6.55,5.91,5.75,6.37,5.42,5.44,7.01,5.70,5.74,6.04,6.75,6.40,6.86,6.12,5.72,6.00
Base,3/17/2017,5/1/2018,410,6.49,5.85,6.48,6.99,5.72,7.24,6.57,6.93,6.26,6.57,6.48,5.96,7.51,5.65,7.25,5.87,5.62,6.81,62.64,60.87,49.42,48.04,6.03,50.04,56.40,48.16,5.84,6.43,6.78,6.30,6.10,61.94,6.67,6.82,5.80,6.18,6.74,55.14,6.99,51.34,54.24,7.50,6.37,7.11,6.86,6.41,6.50,6.22,6.23,6.93,6.38,7.08,6.08,6.22,7.14,6.82,7.10,5.88,5.63,5.86,6.74,6.02,6.77,5.64,6.95,7.38,7.42,7.25,5.70
Glyph 2,10/17/2015,3/1/2017,501,5.79,5.89,6.38,6.77,6.25,6.79,5.90,7.61,6.69,6.21,7.05,6.52,6.65,7.73,7.09,7.04,6.31,6.32,56.66,51.73,55.23,49.38,5.85,53.42,48.33,50.00,7.60,7.66,7.57,5.76,6.40,57.60,7.48,7.42,7.36,7.58,6.65,58.47,6.62,50.94,56.94,6.59,6.97,6.42,5.83,6.96,6.17,6.07,6.26,7.66,6.90,5.92,6.57,6.21,7.42,7.03,6.91,6.27,5.76,6.59,6.45,5.90,6.70,5.87,7.13,7.12,7.54,6.25,6.07
Glyph,6/1/2015,3/1/2017,639,6.44,7.57,7.88,5.99,6.00,6.82,6.52,8.06,6.39,6.01,6.92,6.72,6.06,7.62,7.43,6.42,6.98,6.94,69.44,71.98,52.74,54.43,6.69,56.33,52.13,48.38,6.68,6.65,7.12,6.53,6.06,70.94,7.86,7.47,6.20,6.55,6.38,59.50,7.38,58.43,51.63,7.72,6.27,6.43,7.52,7.47,7.60,6.31,7.35,7.49,6.58,7.11,6.17,7.19,7.03,6.96,6.63,6.42,7.72,7.01,6.64,7.46,6.62,7.69,7.03,6.64,7.19,7.80,7.06
BFD,12/1/2016,3/14/2024,2660,8.60,7.52,9.43,8.92,7.82,8.45,7.48,8.79,9.70,9.05,7.35,7.51,9.42,7.56,8.10,8.53,8.31,8.49,79.60,73.70,78.49,67.66,7.43,74.78,72.46,57.00,9.73,8.70,8.26,8.42,9.03,73.96,9.29,8.16,8.10,7.57,9.77,75.53,7.96,73.98,67.90,7.71,7.76,8.48,9.77,9.81,8.45,8.15,9.52,9.46,8.08,7.51,8.33,7.84,8.63,8.90,8.81,9.42,9.51,7.31,8.69,8.23,7.41,9.42,7.60,9.82,7.82,7.31,9.19
Strato,6/1/2014,2/1/2015,245,5.95,5.46,5.34,6.14,5.79,6.31,5.74,5.13,6.56,5.86,5.83,5.62,5.27,6.23,6.69,6.67,6.17,6.82,52.05,48.02,44.75,46.21,5.58,54.38,47.29,35.72,6.85,5.87,6.32,5.91,6.33,48.75,5.77,5.83,5.61,6.40,5.67,61.26,5.87,40.78,48.69,5.93,5.93,5.77,6.07,5.61,6.33,6.36,5.76,6.67,5.09,6.62,5.82,5.73,6.66,5.95,6.55,6.03,5.79,5.67,6.22,5.39,6.21,5.19,6.19,6.43,5.35,5.12,6.69
Cinema One,8/1/2012,9/1/2013,396,6.97,6.13,6.00,7.21,5.98,6.66,7.27,6.35,5.58,7.20,6.09,5.98,5.73,5.62,6.37,6.94,6.90,6.94,66.40,59.11,59.75,50.73,7.27,50.49,44.26,49.84,6.34,7.09,7.38,6.74,6.59,54.17,6.61,5.64,6.50,5.57,5.98,60.70,5.98,45.57,45.93,6.29,7.28,7.33,6.38,5.63,5.52,6.83,6.69,7.36,6.20,7.44,7.18,6.85,7.40,5.88,7.26,5.58,5.67,6.47,6.58,7.28,6.71,6.76,6.66,5.79,6.51,7.24,6.18
M700,8/1/2010,7/1/2011,334,6.00,6.78,6.03,6.54,5.96,59.92,6.50,5.65,6.57,6.35,6.37,7.24,6.81,6.32,6.12,7.00,6.27,5.42,5.83,47.89,6.17,7.06,6.77,5.74,7.05,5.82,5.49,5.60,7.15,6.25,6.84,49.42,6.21,7.19,5.88,6.54,5.66,5.95,5.56,5.48,6.15,6.19,6.53,7.03,7.20,6.11,5.95,5.41,5.74,6.11,7.08,5.64,5.56,5.75,6.50,7.04,6.28,6.58,6.64,6.66,6.42,6.53,6.63,5.76,6.67,6.92,6.67,6.78,5.40
DV700,8/2/2010,7/2/2011,334,6.49,6.49,7.05,6.91,6.34,65.08,6.86,5.94,6.46,6.45,6.61,5.95,5.53,6.24,5.98,6.58,7.21,6.98,6.13,43.52,6.45,7.01,7.09,5.72,5.92,6.35,6.75,7.14,6.92,5.47,6.27,48.95,7.17,7.13,6.31,5.82,5.97,6.76,7.07,6.99,5.53,5.51,7.21,6.00,5.63,6.60,7.01,5.38,5.71,6.75,6.80,5.38,6.02,6.01,5.78,6.45,6.21,6.32,6.51,6.92,5.37,6.17,5.58,6.37,6.50,6.39,6.78,6.24,6.83
Disc Cartridges,6/1/2010,12/1/2010,183,4.82,5.07,5.63,5.24,5.25,5.11,4.90,6.45,5.15,5.92,5.80,4.83,5.16,6.36,6.33,5.64,5.92,5.78,48.15,53.11,42.77,44.38,5.27,41.40,43.64,43.79,6.00,6.30,5.75,4.87,6.14,49.66,4.81,6.50,5.49,5.86,5.68,54.11,4.85,39.62,46.62,6.10,6.35,5.27,5.70,6.01,6.00,4.84,5.40,6.03,5.23,6.37,5.90,4.93,5.59,6.05,5.96,5.29,5.34,5.04,6.50,5.30,5.42,6.30,5.59,5.17,5.12,5.23,5.57
K-Remote,4/20/2009,8/1/2009,103,4.52,4.94,5.48,5.09,5.76,4.98,5.13,5.62,5.73,4.84,4.90,5.45,5.02,4.72,4.56,4.93,4.95,4.92,46.32,41.67,37.19,43.88,5.39,41.15,38.70,34.27,5.77,4.42,5.48,5.42,5.69,45.11,4.82,4.87,4.77,5.16,4.84,51.26,4.75,40.84,35.11,4.39,5.07,4.32,5.23,5.13,5.05,5.14,4.83,4.70,5.19,5.31,5.33,5.00,5.35,5.53,5.60,5.13,4.88,4.52,5.05,5.36,5.58,4.76,5.00,4.84,5.79,4.52,5.10
Weemote,6/1/2010,8/1/2010,61,5.09,4.41,4.92,4.95,4.07,4.80,5.02,4.22,4.66,4.63,4.63,4.00,4.28,4.66,4.94,4.56,4.88,4.55,38.26,42.49,38.91,31.18,4.64,37.34,40.40,34.15,4.37,4.46,4.46,4.16,3.83,39.62,4.59,4.49,3.98,3.81,4.29,36.20,4.49,35.99,34.44,4.86,4.50,4.05,4.80,3.95,4.05,4.13,3.95,4.46,4.01,5.06,4.97,4.66,5.07,4.01,4.35,4.59,4.96,3.88,4.99,4.96,4.86,4.57,4.96,4.35,4.68,4.63,5.02
M500,4/1/2010,7/1/2010,91,4.40,4.57,4.71,5.14,5.09,4.21,4.91,4.48,5.27,4.64,5.16,4.50,5.45,4.21,5.03,4.17,4.97,4.56,40.78,41.63,41.89,44.22,4.52,41.99,35.46,33.25,4.81,4.48,4.67,5.04,4.92,41.34,4.90,4.47,4.69,5.40,5.30,45.60,5.50,36.73,39.59,4.23,4.49,4.22,4.70,4.46,4.45,4.36,5.54,4.86,4.26,4.59,4.64,5.01,4.93,5.48,4.90,5.27,4.31,5.15,4.40,5.44,4.35,4.97,4.80,4.51,4.72,5.13,4.20
M300,3/1/2010,5/1/2010,61,4.91,4.70,4.50,4.30,4.31,4.45,4.90,4.77,4.79,3.83,4.87,4.64,4.45,4.60,4.67,4.97,4.31,4.36,36.91,44.50,40.00,34.57,4.81,33.95,40.42,30.88,4.31,4.21,4.80,4.11,4.49,45.40,4.67,4.73,4.79,3.94,4.67,36.17,4.72,36.63,38.13,4.74,4.98,5.02,4.38,4.78,4.80,4.95,4.26,4.62,4.96,5.04,4.49,4.60,4.61,5.00,3.99,4.41,4.68,4.27,4.86,4.60,4.09,4.81,5.00,3.90,3.81,4.56,4.93
KSERVER-1500,3/2/2010,5/2/2010,61,4.79,4.92,4.49,4.41,4.31,4.62,4.98,4.91,4.30,4.85,4.33,4.46,3.99,4.65,4.15,4.94,4.82,3.85,38.59,37.08,37.68,34.51,4.15,40.75,34.63,35.39,4.00,4.99,5.10,4.71,3.80,43.01,4.39,4.06,4.95,4.64,4.28,34.44,4.48,40.89,31.82,3.81,4.22,4.13,4.78,5.02,3.80,4.71,4.45,5.06,4.50,4.98,4.38,3.86,4.07,3.85,4.46,4.53,5.13,4.17,3.95,4.67,3.82,3.93,4.83,4.57,4.76,3.84,3.84
KVAULT-10,9/1/2010,6/1/2011,273,5.95,6.83,6.40,6.23,6.51,62.76,5.55,5.39,5.18,5.27,5.19,6.37,6.22,5.93,5.19,6.26,6.97,6.98,6.12,45.41,5.70,6.51,5.74,6.26,5.48,6.34,6.40,6.51,5.76,6.93,6.05,50.75,5.66,5.40,5.84,6.54,5.34,5.58,6.64,6.27,6.85,5.38,5.91,6.31,6.05,5.74,6.77,6.83,5.27,5.83,6.70,6.55,5.34,5.29,5.38,6.19,6.53,5.82,5.69,6.56,5.26,5.96,6.74,6.81,5.71,5.76,5.55,5.39,5.44
Jewel,6/1/2009,4/1/2010,304,6.85,5.91,5.56,6.92,5.70,5.97,6.65,5.96,6.10,6.51,5.48,6.20,6.26,6.49,6.00,6.98,7.11,6.66,57.81,54.29,51.12,45.76,6.46,53.44,55.93,46.80,6.82,6.96,6.05,6.77,6.65,54.29,6.83,7.01,5.34,6.66,6.40,62.00,6.70,56.70,42.75,6.86,6.08,5.89,5.81,6.35,7.11,7.04,6.70,6.07,5.89,5.80,7.12,5.65,6.42,6.89,6.71,6.41,7.10,5.33,5.83,5.56,5.85,5.30,5.34,6.14,6.81,5.80,6.68
KSYSTEM-120,1/1/2009,6/1/2009,151,5.59,5.95,5.11,5.12,5.76,6.25,5.37,5.22,5.75,5.69,5.05,5.08,5.82,6.20,5.79,4.98,5.21,4.87,49.86,54.18,48.92,37.79,4.98,45.77,38.42,33.82,4.83,5.14,6.09,5.66,4.72,52.86,5.88,5.07,5.21,6.18,4.68,43.13,4.80,48.02,47.03,5.55,5.91,5.54,5.28,5.81,5.47,4.79,6.03,5.29,5.44,5.19,6.20,5.16,4.94,5.34,5.76,5.99,5.77,5.26,4.69,5.24,6.06,5.96,5.42,6.00,4.86,5.12,6.21
KSERVER-5000,6/1/2008,3/1/2009,273,5.64,5.83,6.06,6.73,6.58,6.86,6.63,6.49,6.29,5.68,6.17,6.75,5.39,6.11,5.85,5.63,5.83,5.67,58.82,47.48,54.60,47.59,5.70,51.55,53.05,38.41,5.99,5.75,5.65,6.81,6.50,49.05,5.96,6.18,6.28,5.73,6.55,47.60,5.83,42.86,51.75,6.48,6.06,5.39,6.33,5.21,5.62,6.87,6.34,6.85,5.33,6.84,6.89,6.31,6.84,5.87,5.76,6.81,5.32,6.40,6.78,6.97,5.61,6.44,6.05,6.94,6.51,6.24,6.06
Speed Reader,5/1/2008,2/1/2009,276,6.90,6.77,5.87,6.04,6.53,5.90,6.49,6.44,6.06,6.50,5.69,6.19,5.93,6.37,5.34,5.35,5.63,6.16,46.79,59.32,49.76,55.56,5.99,46.87,48.24,36.90,5.57,5.88,6.85,6.16,5.54,50.88,6.27,5.58,6.38,6.35,5.74,54.17,6.39,54.69,55.79,6.52,5.87,5.36,6.96,6.90,5.54,5.97,6.68,6.04,5.75,5.98,5.91,6.67,5.84,5.58,5.31,5.97,6.19,6.30,6.48,5.61,5.34,6.72,5.68,6.12,7.00,5.60,5.61
KSERVER-1500,5/1/2008,8/1/2008,92,5.32,4.27,5.50,4.17,4.83,4.70,4.36,5.18,4.96,4.87,4.30,5.03,4.46,4.53,5.38,5.35,5.50,5.00,42.03,45.81,44.84,38.27,5.43,41.09,34.36,35.45,4.92,5.27,4.67,4.97,4.60,41.23,4.72,5.50,5.54,5.54,5.19,40.71,5.53,38.25,34.75,4.74,4.75,5.01,4.88,4.51,4.60,4.41,5.01,5.61,4.95,5.06,4.33,5.38,5.64,4.64,4.18,5.37,5.41,5.55,4.29,5.18,4.62,4.53,5.41,5.28,4.61,4.59,5.50
KPLAYER-300,3/1/2008,1/1/2009,306,5.69,5.53,6.90,5.78,6.33,6.97,6.40,5.78,7.05,7.01,5.56,6.57,6.59,7.07,5.89,6.02,6.51,6.93,50.76,47.55,45.97,54.89,7.14,47.64,48.86,39.22,6.05,5.84,6.50,5.43,5.43,63.12,5.62,5.80,5.87,6.05,5.86,48.13,5.48,56.48,50.54,5.28,5.80,5.79,5.84,7.02,5.64,6.16,5.52,6.35,5.60,5.52,5.78,6.35,5.34,6.91,5.33,7.02,6.77,6.84,6.11,6.82,5.75,5.48,5.58,5.36,6.87,6.93,7.08
KPLAYER-6000,3/2/2008,1/2/2009,306,5.34,5.92,6.27,6.87,6.94,6.32,6.40,6.36,6.44,6.32,5.55,6.31,6.46,6.65,6.31,5.78,5.97,5.44,55.69,47.66,55.43,42.63,6.59,50.48,42.95,41.06,6.78,5.39,6.89,6.44,6.54,51.21,5.80,6.28,6.15,6.06,5.94,48.09,5.91,52.77,53.66,6.62,6.56,6.96,5.73,5.90,5.76,6.27,6.56,5.54,6.31,6.59,5.73,7.09,6.01,5.36,5.61,6.66,6.69,7.04,7.08,5.47,7.02,6.58,7.08,6.70,6.10,6.76,7.02
KPLAYER-5000,3/1/2008,12/1/2008,275,5.39,6.05,6.62,6.52,5.33,5.78,6.52,6.33,5.48,5.33,5.53,6.20,6.96,5.24,5.42,5.24,6.10,6.67,57.13,52.02,52.33,54.86,6.72,55.36,48.72,45.89,5.57,5.31,5.50,6.70,6.63,62.84,5.20,5.32,6.53,6.69,6.21,61.28,5.58,42.49,46.72,6.55,6.85,6.98,6.80,6.87,6.14,5.57,5.72,6.68,5.19,6.59,6.19,5.83,5.76,6.37,5.81,5.34,6.37,6.69,5.88,6.47,6.83,5.64,6.16,6.27,6.69,6.60,6.52
KPLAYER-2500,3/2/2008,12/2/2008,275,6.51,5.46,5.86,6.89,5.76,6.46,5.67,6.91,6.79,6.86,5.69,5.87,6.93,5.67,6.70,5.85,5.93,5.49,60.68,49.97,46.49,49.36,5.88,48.30,45.53,42.28,6.90,6.40,5.66,6.76,5.83,61.12,6.59,6.32,5.70,6.33,6.69,59.55,6.31,55.07,52.99,5.43,5.58,6.51,6.10,6.72,5.21,5.95,6.84,5.81,6.37,6.97,5.57,5.66,7.00,6.58,5.67,5.38,6.76,6.12,6.99,5.39,6.53,5.94,6.61,5.36,5.67,6.81,6.96
KSERVER-2500,3/3/2008,12/3/2008,275,6.88,6.80,5.45,6.82,6.49,6.18,6.97,5.27,6.55,5.20,5.99,6.39,5.27,5.52,6.77,5.65,6.39,6.45,47.15,53.99,53.80,53.03,6.02,47.55,45.74,38.29,6.84,5.49,6.62,6.17,5.75,55.69,5.39,6.10,5.40,5.83,6.84,52.91,6.87,51.98,48.36,6.03,6.17,6.27,6.03,6.34,6.24,6.07,6.45,6.12,5.69,6.97,6.68,5.51,6.35,5.36,5.81,6.93,5.90,6.93,5.80,5.44,6.04,5.79,6.73,5.39,6.63,5.65,6.44
Mbox 2 Micro,10/1/2007,4/1/2008,183,5.13,6.14,6.08,6.18,5.74,6.16,6.08,5.50,6.43,5.68,5.93,6.39,5.67,6.35,5.88,5.91,6.41,5.01,52.77,52.18,39.99,43.05,5.44,47.29,48.20,35.72,5.44,5.08,5.42,5.88,5.28,54.16,5.26,5.82,5.20,6.30,6.25,57.04,6.16,42.48,47.54,4.88,5.35,5.84,5.96,6.47,6.05,5.61,5.24,5.64,5.56,6.35,6.41,6.25,5.95,6.46,5.32,5.60,6.03,6.32,5.95,5.84,5.77,5.26,4.97,5.70,6.41,5.45,6.49
Rack 003,5/1/2007,10/1/2007,153,5.00,5.14,5.30,5.13,5.46,45.51,5.75,5.59,5.22,5.99,5.21,5.05,5.23,5.52,5.39,5.47,6.18,6.00,6.12,5.42,6.06,6.10,5.98,5.24,5.35,5.52,36.37,4.86,4.64,6.16,5.60,4.67,5.50,5.31,5.23,5.00,5.02,5.01,5.03,37.77,5.44,5.67,5.90,6.13,6.10,5.37,5.17,5.57,4.93,6.15,6.05,5.77,5.44,5.26,5.91,5.06,5.42,4.70,4.90,5.76,4.70,5.33,5.16,4.68,5.48,5.12,5.55,5.66,37.93
Mbox 2 Mini,2/1/2007,5/1/2007,89,5.34,5.59,4.92,4.29,5.14,5.38,4.31,4.59,4.24,4.92,5.24,4.65,5.21,4.86,5.34,4.23,5.49,5.05,45.54,39.18,42.30,44.43,4.46,38.83,40.54,35.69,4.18,5.13,4.79,4.40,4.87,46.69,5.45,5.40,4.61,5.55,4.30,38.72,4.80,42.68,35.98,4.39,4.57,5.39,4.90,5.24,5.14,4.82,5.46,4.67,4.45,4.96,5.51,4.96,4.82,4.31,5.28,5.44,4.84,4.66,4.33,4.43,4.71,5.38,5.44,5.16,5.60,4.77,4.78
Mbox 2 Pro,6/1/2006,11/1/2006,153,5.90,4.95,5.71,4.93,5.15,4.70,4.72,5.81,5.18,5.14,5.65,5.23,5.27,5.57,5.77,5.14,5.86,5.40,55.49,55.94,45.71,44.32,5.31,39.98,45.98,33.61,5.35,6.25,6.05,5.41,5.07,43.04,5.42,5.68,5.67,6.28,5.61,48.10,6.06,45.38,40.44,4.82,5.38,6.13,5.41,5.11,6.21,4.85,5.21,5.59,5.01,5.43,5.42,4.68,5.25,5.96,5.51,6.28,5.11,6.26,5.41,5.28,5.01,5.02,6.22,5.49,5.98,5.41,5.43
Digi 003,6/1/2006,2/1/2007,245,6.52,6.41,6.67,5.83,5.59,6.73,5.68,5.63,6.77,5.84,5.64,5.62,6.35,6.37,5.30,6.12,5.76,5.72,59.69,58.29,41.24,53.40,5.99,45.05,46.40,46.97,5.25,5.43,6.62,6.66,6.18,46.00,6.60,5.09,6.27,6.36,6.44,53.51,6.53,54.33,47.18,5.72,5.58,6.19,6.86,6.19,6.56,5.25,5.23,5.95,6.12,6.64,6.61,5.85,5.99,6.75,6.67,5.48,6.13,6.41,6.76,6.68,5.77,6.28,6.74,6.43,6.32,6.56,6.30
Control 24,8/1/2006,7/1/2007,334,7.12,6.90,5.45,6.53,6.61,6.18,6.61,6.99,5.82,6.69,5.57,6.64,5.54,6.21,7.00,6.91,5.82,6.43,60.75,48.51,57.35,46.65,6.39,53.36,52.81,49.93,5.89,6.12,5.65,5.93,5.94,59.55,6.54,6.90,5.55,7.23,5.54,50.14,6.29,52.01,55.12,5.63,6.99,6.53,6.28,6.80,5.87,6.97,6.81,6.63,6.62,6.13,5.94,6.92,6.40,6.10,5.54,5.53,6.30,5.47,6.82,7.24,6.49,5.50,6.50,5.82,6.85,5.46,5.55
Mbox 2,9/1/2005,11/1/2005,61,4.81,3.87,4.48,4.25,4.89,4.58,3.84,4.78,4.50,4.68,4.24,4.97,4.53,4.92,4.26,4.94,4.13,4.45,41.04,45.20,36.37,30.96,4.49,40.36,30.92,29.65,4.20,4.68,4.08,4.00,4.08,34.65,4.62,4.74,4.73,3.92,4.27,36.02,4.84,33.54,34.37,5.01,4.07,4.34,3.87,4.76,5.10,4.04,4.55,4.90,4.42,5.11,5.12,4.71,4.84,5.12,4.67,4.55,3.87,4.11,4.92,3.86,5.09,4.07,4.56,4.81,4.81,4.39,4.99
Profile,2/1/2005,7/1/2005,150,5.08,4.77,5.43,5.09,5.00,5.53,5.40,6.19,4.93,4.85,5.86,4.71,6.04,5.08,5.87,5.78,5.60,5.99,41.70,45.60,39.85,47.86,5.42,46.22,41.37,35.22,6.01,5.02,5.48,5.59,5.81,47.65,5.52,5.87,5.17,6.05,5.55,52.01,5.24,37.49,48.47,5.58,5.01,6.07,6.03,4.96,5.02,5.05,4.78,5.43,5.94,6.04,5.34,6.22,4.66,5.88,6.25,5.41,5.13,5.28,5.12,5.98,5.66,5.39,5.31,5.19,5.26,5.80,5.59
D-Show,2/1/2005,7/1/2005,150,5.61,4.94,5.69,6.03,5.64,4.96,5.52,5.70,5.94,4.95,5.50,5.11,5.18,6.03,6.00,5.60,5.84,5.09,43.57,47.97,47.95,44.50,5.33,41.11,38.52,42.36,5.29,5.00,5.81,5.91,5.16,53.14,5.96,6.15,5.81,5.41,4.67,41.96,6.09,49.99,37.35,5.92,5.11,5.92,4.97,5.62,5.11,5.42,5.06,5.58,4.89,6.20,5.38,5.88,5.67,6.25,5.94,6.05,6.00,4.99,5.10,5.27,5.53,5.62,6.09,5.62,5.06,5.17,5.74
D-Control,8/1/2004,3/1/2005,212,6.46,5.34,5.80,5.82,6.05,5.26,6.10,6.16,6.00,5.20,5.44,5.85,5.48,6.54,6.39,5.13,5.09,5.61,46.77,56.20,44.07,45.23,5.25,49.52,46.08,39.62,5.62,5.71,5.69,6.24,5.25,57.14,6.23,5.04,5.15,6.22,6.55,47.53,6.10,46.37,50.79,5.79,5.51,5.55,5.47,6.26,5.20,5.49,6.67,6.24,6.67,5.94,6.38,5.02,5.83,6.51,5.50,5.32,6.58,5.08,6.36,5.97,5.14,5.33,6.20,6.11,6.47,6.56,6.06
D-Command,4/1/2004,9/1/2004,153,5.10,6.24,4.88,6.06,5.95,6.27,4.97,4.76,5.46,4.78,5.11,4.67,5.33,5.23,4.64,5.55,5.28,5.38,54.03,46.83,38.48,39.64,5.65,45.02,44.37,36.55,6.22,5.32,5.34,5.18,5.11,43.55,4.74,5.35,5.40,5.88,5.14,44.94,6.24,39.35,41.40,5.59,5.56,6.16,5.90,5.26,6.25,6.02,6.07,4.87,5.67,5.04,5.53,4.70,5.94,4.73,5.37,5.11,5.59,4.75,4.83,5.46,5.60,5.24,5.49,5.58,4.67,4.70,6.05
Pro Control Jr,6/1/2003,4/1/2004,305,6.10,6.71,6.51,5.45,6.10,6.34,6.12,6.99,6.83,5.65,5.39,6.90,5.80,7.03,5.62,5.51,5.78,5.79,61.28,60.73,49.57,48.64,7.09,49.27,55.71,42.58,6.82,7.10,6.98,5.68,5.82,49.02,5.68,6.37,6.72,5.66,6.77,58.15,5.51,43.01,50.58,5.69,6.89,6.72,6.47,6.51,5.47,6.60,6.25,6.63,6.14,6.43,5.95,5.51,5.94,6.83,6.68,6.23,6.82,6.46,6.08,5.65,7.02,7.10,6.11,5.62,7.03,5.89,6.54
Rack 002,5/1/2003,10/1/2003,153,5.06,5.23,6.02,5.01,5.29,44.53,6.19,5.54,5.85,5.71,4.68,4.79,5.71,4.83,5.77,6.25,5.24,5.14,5.58,5.85,5.19,5.18,5.09,4.66,6.01,5.16,28.38,5.28,5.35,5.00,5.40,6.08,5.85,5.06,4.88,4.77,5.90,5.97,5.22,35.64,5.48,5.49,4.85,5.28,6.10,4.99,5.86,5.46,5.25,5.16,5.96,5.41,5.22,4.93,5.60,5.26,5.67,6.26,5.15,6.22,6.26,4.92,4.90,6.22,5.46,5.87,5.95,5.45,40.69
Mbox,3/1/2003,10/1/2003,214,5.65,6.68,5.56,5.49,6.15,5.67,5.76,6.50,5.03,5.96,5.27,5.55,6.09,5.16,5.52,4.96,5.09,5.64,47.63,58.13,46.46,40.09,6.22,50.04,49.75,43.27,5.29,6.14,6.56,5.68,6.43,54.66,6.37,5.06,6.30,6.65,6.50,49.45,6.01,43.37,50.29,5.67,5.85,6.06,5.99,5.76,5.93,6.09,6.23,5.85,6.41,5.28,5.23,5.25,6.23,5.57,5.37,6.08,5.57,6.60,6.57,5.52,6.59,5.45,6.68,5.96,5.72,5.69,6.38
Xbox,9/1/2002,12/1/2002,91,5.07,4.27,5.51,4.61,5.49,4.87,4.52,4.31,5.53,4.34,5.03,4.69,5.56,4.33,5.31,5.38,5.47,5.51,45.18,40.95,42.17,43.12,4.70,43.20,40.42,31.72,4.23,4.29,4.27,4.34,4.47,40.87,4.50,4.32,4.67,5.31,5.08,48.58,4.75,34.84,37.63,5.34,4.24,4.43,4.49,5.60,5.31,5.12,4.82,5.33,5.39,4.33,4.93,4.41,4.82,5.20,4.39,5.34,4.96,5.38,5.55,5.15,4.45,5.33,4.42,4.36,4.27,4.68,4.99
Receiver 5,6/1/2002,8/1/2002,61,5.01,4.47,4.80,4.09,4.22,4.47,4.96,3.98,3.97,4.22,4.09,4.07,4.95,4.89,4.74,4.51,4.51,4.73,39.48,40.29,37.75,33.69,4.24,33.15,37.17,30.70,4.33,4.36,4.96,4.44,4.14,35.52,5.09,4.21,4.57,4.89,5.08,37.83,4.46,38.92,35.59,4.59,3.80,4.54,4.65,3.99,5.09,4.94,4.67,4.13,4.33,4.57,4.58,3.88,3.93,4.94,4.72,4.53,3.95,5.00,4.71,3.84,4.62,4.72,4.23,4.61,4.39,4.88,4.86
Receiver 4,1/1/2002,5/1/2002,120,5.29,5.41,4.66,5.05,4.82,5.25,5.31,4.78,4.78,5.18,5.03,4.55,5.14,5.70,5.73,5.07,5.04,4.67,50.59,45.91,45.72,41.30,4.45,47.79,44.89,31.62,5.31,4.74,5.37,5.66,5.93,40.67,4.88,4.59,5.70,5.56,5.45,43.18,4.81,44.41,45.46,5.61,5.35,4.81,5.52,4.73,5.85,4.91,5.37,4.82,5.87,4.70,4.80,5.10,5.02,5.86,4.59,5.33,5.96,5.41,5.80,5.96,5.83,5.08,5.18,5.12,4.71,5.24,5.79
Receiver 3,10/1/2001,12/1/2001,61,3.88,4.38,4.07,4.08,4.09,4.35,5.05,3.97,4.52,3.99,4.73,4.07,4.95,4.55,4.53,3.84,4.25,3.89,40.70,35.87,39.24,39.45,4.01,33.75,32.07,30.47,4.43,4.26,5.08,4.34,4.20,44.71,4.58,3.95,5.01,4.57,4.53,45.69,3.90,31.73,37.39,4.77,3.82,4.94,4.49,4.15,4.35,4.90,4.91,4.60,4.60,4.33,4.23,4.30,3.89,3.85,4.95,4.75,4.32,4.13,3.97,4.40,5.03,4.12,4.64,4.92,3.80,4.08,4.96
Receiver 2,9/1/2001,11/1/2001,61,4.24,5.02,3.96,4.47,4.96,4.40,4.52,3.97,4.54,3.96,4.93,4.23,4.15,4.87,4.06,4.11,3.97,4.51,45.10,34.41,39.89,39.89,3.82,38.49,34.29,29.73,4.55,4.33,4.97,4.35,4.09,43.13,4.53,3.82,4.48,4.67,4.95,40.76,3.90,31.62,39.90,4.72,4.08,4.42,4.65,4.61,4.01,4.64,4.44,4.84,4.99,5.04,4.71,4.81,4.34,4.56,4.92,4.38,4.44,3.92,4.54,4.22,4.93,4.54,4.98,4.08,4.61,4.16,4.07
Mercury LC,7/1/2001,1/1/2002,184,4.98,5.89,5.39,5.81,5.18,5.35,6.39,5.58,4.88,6.08,6.48,6.01,5.75,4.92,6.20,5.40,4.93,5.44,56.12,54.59,44.53,47.79,5.49,48.08,50.81,37.85,6.32,6.09,5.33,5.83,5.51,56.38,6.40,5.15,5.88,6.37,5.18,48.42,5.04,40.53,51.60,6.33,6.47,5.62,5.90,5.20,5.27,5.04,6.25,5.32,6.43,6.41,6.42,5.17,6.31,5.36,5.31,6.03,5.80,6.16,5.45,5.72,5.75,5.70,4.84,4.99,5.19,5.20,5.25
usb box,6/1/2001,8/1/2001,61,4.04,4.76,4.05,4.41,4.19,4.60,4.15,4.56,4.26,3.85,4.96,4.78,4.98,4.75,4.02,4.99,4.64,4.31,42.52,34.15,36.53,31.36,4.09,30.74,37.85,33.33,4.20,4.80,4.58,4.40,3.81,40.83,4.78,4.02,3.88,5.09,4.20,44.31,4.12,33.64,38.62,3.85,4.94,4.66,4.16,4.34,4.41,4.94,4.61,4.54,4.62,4.19,4.60,3.89,4.30,4.56,5.04,4.00,5.01,4.04,5.13,4.66,4.20,4.35,4.43,4.34,4.05,4.46,4.38
Remotes,5/1/2001,8/1/2001,92,4.21,4.57,5.57,4.43,4.40,5.54,4.50,5.54,5.39,5.32,4.86,4.28,4.90,5.15,4.57,5.01,4.93,4.39,41.99,50.73,37.83,42.69,5.18,38.10,40.18,29.70,4.34,5.11,4.52,4.69,5.39,44.57,5.55,5.45,4.85,5.01,5.04,47.73,4.50,40.63,43.00,5.19,4.43,4.52,4.82,4.79,4.86,5.39,5.64,5.53,4.64,5.06,4.88,5.29,4.91,4.88,4.52,4.93,4.97,5.16,5.47,4.35,5.53,5.18,5.05,5.27,5.45,4.88,4.79
Receiver 1,4/1/2001,11/1/2001,214,5.86,5.75,6.62,5.05,5.15,5.53,5.31,6.39,6.28,5.93,6.50,6.18,5.97,5.12,5.22,6.65,5.08,6.67,51.31,53.68,41.30,50.83,6.49,50.97,45.59,40.84,5.71,6.42,6.26,5.33,5.28,51.05,5.99,5.22,5.30,6.66,5.34,45.89,6.33,45.01,41.32,5.64,6.50,6.23,5.57,6.36,6.65,6.02,5.33,5.85,5.50,6.67,6.50,5.73,5.55,5.19,5.43,5.29,6.23,6.62,5.38,6.64,5.43,5.63,5.16,5.42,5.43,6.55,5.92
Node,12/1/2000,1/1/2001,31,3.36,3.70,3.47,3.30,3.96,37.18,3.47,3.64,3.18,3.19,3.68,4.06,3.41,3.31,4.24,4.23,3.69,4.12,3.24,29.45,3.55,3.19,4.02,4.17,4.01,3.60,3.65,3.39,3.61,3.80,3.30,28.73,4.10,3.49,3.19,3.47,3.39,3.49,4.05,4.07,3.48,3.59,3.71,3.76,3.18,4.13,3.39,3.58,3.40,3.23,3.80,3.90,4.23,3.93,3.64,3.55,3.50,3.87,4.28,4.18,3.80,3.51,4.22,4.01,4.16,4.18,4.19,3.81,3.59
Media Nodes,11/1/2000,4/1/2001,151,5.52,4.70,5.15,6.01,6.11,52.68,5.64,5.10,5.81,4.95,4.96,5.12,4.68,4.86,6.17,5.84,5.69,6.06,5.70,39.42,5.96,5.53,5.37,6.18,5.89,6.00,5.93,5.64,4.99,5.58,4.76,49.86,5.06,5.74,5.78,4.79,4.97,6.14,5.86,4.72,6.14,4.96,5.09,5.51,6.15,5.25,4.72,6.16,5.06,5.94,5.31,5.12,6.25,6.02,5.15,5.97,5.42,5.54,5.35,5.71,4.84,4.76,5.08,4.99,5.75,4.85,4.86,5.33,4.78
MP6000 MP3 Player,7/1/2000,11/1/2000,123,5.73,5.61,5.95,5.33,5.39,5.05,5.25,5.27,4.46,5.09,4.63,4.83,5.70,5.54,5.90,5.50,5.43,5.67,52.57,53.91,46.08,41.94,5.69,36.14,46.64,41.34,4.59,4.84,4.51,5.93,5.15,50.06,5.03,5.52,4.78,5.40,5.20,40.32,5.90,42.52,45.40,4.77,5.11,4.83,5.57,5.06,5.36,5.26,4.84,5.30,5.74,4.57,5.92,4.69,5.87,4.81,4.92,4.96,4.93,4.88,4.53,5.98,5.09,4.82,5.02,4.56,5.75,4.59,5.34
Keyboard,5/1/2000,7/1/2000,61,4.39,4.46,4.55,4.64,4.74,4.00,3.96,4.92,4.53,5.13,3.97,3.94,3.94,4.01,3.80,4.96,3.85,4.58,45.89,41.42,39.11,33.05,4.15,34.61,32.88,26.85,4.54,3.81,4.22,4.82,5.04,39.94,5.00,4.53,4.27,4.29,3.99,35.33,3.99,37.17,30.58,4.42,4.34,5.05,4.71,4.74,4.35,4.09,4.48,5.04,4.76,4.17,4.64,3.95,4.84,4.96,5.12,3.91,4.17,4.93,3.95,5.09,3.91,4.60,4.04,4.64,3.95,4.12,4.29
LapTV,4/1/2000,6/1/2000,61,4.66,4.46,4.26,4.95,4.41,4.15,4.48,3.88,3.92,4.25,3.87,4.86,4.54,4.75,4.34,4.28,4.17,3.85,39.77,44.91,39.05,40.63,3.86,31.35,34.52,33.92,3.91,4.27,4.47,5.11,4.17,38.57,4.92,4.86,4.49,4.04,3.89,43.67,4.14,35.12,39.68,4.33,4.28,4.03,3.93,4.27,4.81,4.61,4.51,4.05,4.88,4.40,3.91,5.00,4.20,4.60,4.24,4.84,4.77,4.98,4.06,4.21,3.97,4.90,4.46,4.25,4.44,4.02,4.47
Remote,4/1/2000,5/1/2000,30,3.17,3.99,3.35,3.76,3.37,4.14,3.31,4.24,3.20,4.14,4.01,3.77,3.39,4.17,3.74,4.20,3.60,3.39,34.61,33.14,27.06,30.93,3.41,33.63,29.38,29.12,3.41,4.01,3.62,3.94,4.02,31.76,3.86,3.22,4.25,3.97,3.84,35.03,3.35,32.27,33.23,3.99,3.30,4.02,3.32,3.98,3.18,4.23,3.20,4.17,3.67,4.23,4.00,3.36,4.10,3.83,4.22,4.01,3.34,3.73,3.30,3.69,3.74,3.59,3.89,3.82,3.79,4.03,3.50
Netscreen-500,2/1/2000,4/1/2000,60,5.01,5.03,4.81,4.77,4.48,38.81,4.66,5.09,4.52,3.97,3.96,4.06,4.43,4.05,4.17,4.97,4.40,4.28,4.10,4.32,4.31,4.43,4.69,4.36,4.11,4.60,23.37,4.62,4.47,4.76,4.85,4.34,4.43,4.82,5.04,4.46,4.77,4.77,3.89,31.14,3.85,4.65,4.85,4.01,4.87,4.88,4.67,4.06,4.07,4.10,4.91,4.17,4.11,5.09,4.14,4.58,4.38,4.49,4.39,4.55,5.01,3.95,4.80,4.45,4.29,4.77,3.94,3.94,39.22
SGI 320 540,8/1/1998,9/1/1998,31,3.33,3.52,4.28,3.49,3.92,4.21,3.85,3.45,4.28,3.56,3.66,3.34,3.17,3.37,3.53,4.11,3.37,3.98,34.76,36.30,28.93,27.64,3.50,31.72,33.00,28.15,3.39,4.00,3.78,3.74,3.32,30.46,4.15,3.40,3.62,3.29,3.34,37.00,3.33,26.80,32.10,3.20,3.71,3.96,3.56,3.99,4.14,4.24,3.29,3.39,3.34,4.12,3.75,3.80,3.36,3.64,4.00,3.64,3.27,3.82,4.21,3.50,3.18,3.25,4.10,3.70,3.64,4.20,3.51
HP Jornada,6/1/1998,7/1/1998,30,3.49,3.75,3.60,3.27,3.74,3.26,3.62,4.03,4.04,3.29,3.73,3.92,3.20,3.82,4.22,4.14,3.75,3.46,35.71,37.82,30.23,27.00,4.07,31.84,29.03,29.02,3.72,3.27,4.04,3.97,3.58,29.23,3.29,4.20,4.03,4.24,3.36,28.65,3.70,33.12,26.10,3.17,3.32,3.21,4.15,4.07,3.59,3.26,4.16,3.49,3.79,3.82,4.14,3.16,3.52,4.01,3.86,3.61,4.10,3.27,3.45,3.52,3.81,4.05,4.22,3.74,4.25,3.89,3.47
DVDO Player,3/1/1998,5/1/1998,61,3.95,4.26,4.43,4.41,4.47,4.49,5.10,3.95,4.55,4.55,4.88,4.33,4.30,4.78,4.15,5.10,5.05,3.89,41.58,35.00,40.27,39.74,4.95,32.54,36.40,34.72,4.97,4.19,3.96,4.82,4.79,42.81,4.73,4.97,4.13,4.58,3.98,35.95,4.65,35.68,38.12,4.47,5.11,4.26,4.63,4.67,3.84,4.80,5.06,4.45,4.61,5.09,5.04,4.74,4.59,4.55,5.05,4.21,4.45,3.80,4.54,4.49,3.96,4.47,4.46,4.49,4.50,4.54,4.90
Vadem Clio,10/1/1997,11/1/1997,31,3.81,3.92,3.63,3.76,4.05,3.72,3.17,4.01,3.29,3.24,4.25,4.18,3.24,3.48,3.97,3.69,3.94,3.37,38.14,28.53,29.31,31.27,3.48,29.83,27.32,23.51,3.34,3.37,4.28,4.08,4.22,38.13,3.63,4.11,3.34,4.05,3.21,38.53,3.85,30.36,25.81,4.11,3.49,3.41,3.46,3.78,4.27,4.21,3.90,3.29,3.56,3.97,4.28,3.80,3.70,4.18,3.64,3.84,3.58,3.44,4.15,4.06,3.95,4.22,3.99,3.32,4.23,4.12,4.17
KaVo Dental Unit 2,7/1/1997,12/1/1997,153,4.78,5.10,5.54,5.60,5.27,5.26,5.69,5.86,5.93,6.27,4.83,6.02,5.71,5.65,4.94,5.48,4.89,4.94,53.62,56.28,39.07,45.24,5.95,48.30,42.15,36.23,5.69,5.88,6.23,5.45,4.88,45.34,5.53,4.76,5.10,6.13,6.06,48.24,4.79,43.76,41.19,4.89,5.02,4.85,6.12,5.53,6.20,6.15,5.17,4.90,6.11,5.56,5.64,5.91,5.82,6.13,5.62,4.80,5.73,4.93,4.83,5.45,5.44,6.18,5.21,4.74,5.48,6.16,6.14
Acer Phone,7/1/1997,8/1/1997,31,3.46,3.79,3.66,3.95,3.37,4.18,4.24,3.75,3.79,3.19,4.01,3.28,3.59,3.77,3.35,4.23,3.98,3.81,33.82,30.61,33.10,27.89,4.08,33.54,25.59,27.59,3.86,3.32,3.51,3.80,4.03,33.86,3.82,3.23,3.77,3.34,4.08,35.29,3.98,28.50,25.53,3.75,4.08,3.87,4.00,4.04,3.19,3.85,3.59,3.52,3.68,3.97,4.09,3.97,3.53,3.35,4.17,3.64,3.52,3.84,3.52,4.15,3.72,3.99,3.51,3.89,3.98,3.59,3.74
KaVo Dental Unit 1,7/1/1997,10/1/1997,92,5.36,5.28,4.51,4.87,5.46,4.94,4.89,5.13,5.55,4.87,4.46,5.63,5.31,5.33,4.90,4.87,5.30,4.26,44.14,37.74,42.83,34.55,4.33,33.53,44.73,33.58,5.58,4.40,4.85,5.54,5.27,47.78,4.95,5.50,4.99,5.56,4.92,40.30,5.28,35.27,38.20,4.41,5.04,4.33,5.10,5.52,5.51,5.36,4.43,5.22,4.81,4.95,5.00,5.53,4.42,5.55,4.25,5.27,5.48,4.75,4.65,4.53,4.34,4.97,4.66,4.79,5.34,4.89,5.25
Acer subwoofer,6/1/1997,8/1/1997,61,4.19,5.09,4.43,4.66,3.85,4.71,4.52,4.15,4.51,5.04,4.57,4.97,4.59,4.69,4.41,3.99,4.50,4.09,39.80,42.10,39.77,34.99,4.22,31.42,38.53,34.16,4.91,4.56,3.90,4.44,4.56,36.66,4.48,4.70,4.33,3.89,5.13,40.67,3.98,41.02,38.59,4.55,4.62,4.40,4.81,3.99,4.29,5.00,4.07,4.79,4.22,5.05,4.89,4.59,5.10,4.58,4.82,4.92,4.21,4.45,3.81,5.09,4.82,5.06,4.38,4.11,4.74,4.50,4.86
Newscorp STB,2/1/1997,10/1/1997,242,6.32,6.53,5.81,5.68,6.75,5.97,5.54,5.14,6.24,6.81,5.14,5.59,5.59,5.38,6.26,6.53,5.71,5.25,52.80,58.14,53.83,44.47,6.84,41.84,51.09,46.68,5.62,5.54,5.99,6.36,6.64,50.33,5.26,5.66,5.12,6.37,5.15,57.52,5.57,43.02,48.25,6.37,6.81,6.78,6.46,6.46,5.45,5.60,5.83,5.82,6.11,6.21,5.95,5.57,5.58,5.15,5.99,5.15,5.09,6.74,6.72,6.49,6.26,5.21,6.66,5.13,6.81,5.23,6.20
PB Convertible,2/1/1996,3/1/1996,29,3.96,3.94,3.17,3.58,3.66,4.07,3.95,3.85,3.72,3.79,3.65,4.12,3.68,3.90,4.09,3.11,3.15,3.22,30.19,28.90,29.51,29.14,3.76,32.38,26.56,22.03,3.57,3.89,3.23,3.85,3.86,36.89,3.99,3.48,3.48,4.17,3.99,36.31,3.42,26.11,27.58,3.15,3.93,3.91,3.32,3.56,3.72,4.16,3.87,3.42,3.39,3.16,3.93,4.18,3.35,3.60,3.55,3.75,3.71,3.62,3.24,3.55,3.90,3.40,3.61,3.96,3.69,3.26,3.92
Acer Aspire,2/1/1996,5/1/1996,90,4.52,4.95,5.37,4.34,4.99,4.47,5.20,4.47,4.45,5.61,4.23,4.82,5.37,4.43,5.12,4.27,4.97,5.26,43.01,47.97,39.56,36.48,4.97,44.38,40.55,31.13,5.20,5.60,4.56,5.42,5.60,43.82,5.52,4.32,4.39,5.52,4.30,49.70,4.58,39.50,38.53,5.29,4.93,4.90,4.54,5.30,5.24,4.67,4.34,5.29,4.67,4.16,5.19,4.59,5.50,4.74,5.33,5.61,4.69,4.23,4.40,4.41,5.13,5.09,4.98,4.87,4.78,5.57,4.38
Fissler BBQ,5/1/1995,1/1/1996,245,6.08,6.83,6.81,5.20,6.33,48.43,6.11,6.34,5.97,5.45,6.49,5.10,5.96,6.21,5.30,5.11,5.86,5.72,6.44,6.67,5.26,6.68,5.59,5.57,5.28,6.82,34.17,6.47,6.29,6.19,6.67,6.53,5.71,5.99,5.78,5.50,6.75,6.00,5.61,45.41,5.93,6.42,6.13,6.48,6.25,5.77,6.31,6.63,5.31,5.79,5.58,5.34,5.48,5.56,5.80,5.17,6.52,6.26,5.87,5.79,6.40,5.46,6.33,5.85,5.18,5.61,6.05,5.96,54.92
Sunbeam toaster,1/1/1995,3/1/1995,59,4.92,4.52,4.61,4.63,4.87,40.32,4.37,4.49,4.52,4.43,4.01,4.55,4.27,4.16,4.88,5.06,4.99,4.04,4.05,3.85,4.35,4.62,3.94,3.94,4.91,4.62,27.40,4.55,4.11,5.07,4.02,4.65,4.66,4.04,4.33,5.01,4.22,4.79,5.05,31.40,4.55,4.36,4.79,3.86,5.07,5.07,4.45,4.54,4.69,4.88,4.06,4.87,4.24,4.04,4.30,4.93,4.77,4.90,4.31,4.26,4.86,4.63,4.95,4.73,4.21,5.09,4.88,4.77,37.49
Frantic Frames,4/1/1992,3/1/1993,334,5.43,6.55,6.55,6.40,6.57,5.92,6.53,6.84,5.87,6.25,5.93,5.58,7.04,5.87,7.01,5.92,5.90,5.71,63.41,56.33,52.21,56.46,6.00,57.91,55.83,38.83,6.66,5.62,5.70,5.55,6.16,50.09,6.73,6.97,6.23,6.11,5.50,57.65,6.76,57.90,45.54,6.80,7.19,7.07,5.79,5.72,6.67,5.51,7.16,5.47,7.09,6.65,7.01,6.13,6.36,6.99,6.12,6.15,6.73,5.49,6.25,6.84,6.16,6.79,5.92,6.18,5.49,7.18,6.85
Indy,3/1/1992,1/1/1993,306,6.08,5.79,6.91,5.38,7.09,6.11,5.70,6.04,5.97,5.45,5.94,6.24,7.12,5.50,6.96,5.88,6.00,7.09,47.77,49.53,45.31,45.26,5.44,53.32,47.30,41.20,5.75,6.98,5.36,6.15,6.02,50.24,7.13,7.04,5.65,6.31,5.85,64.09,5.82,56.35,43.08,5.44,6.94,6.24,6.64,5.39,6.78,5.93,6.57,6.14,6.58,6.79,6.88,5.89,5.29,6.81,6.80,6.36,5.37,6.51,6.72,6.48,5.60,5.95,6.97,6.46,6.97,5.93,5.71
Indigo II,4/1/1991,10/1/1992,549,6.56,7.18,7.43,6.79,7.20,6.78,6.02,6.86,7.41,7.44,5.98,6.73,6.10,7.67,6.30,7.44,7.66,7.32,62.24,68.95,62.69,58.61,7.66,54.25,58.05,50.06,7.57,7.52,7.63,7.04,6.07,64.83,7.69,6.44,6.54,6.59,5.88,62.13,7.74,47.79,61.64,5.89,7.08,6.62,7.34,7.87,6.20,7.52,6.97,7.35,7.05,5.97,6.43,6.05,7.80,5.86,7.53,6.79,6.95,7.18,7.32,6.29,7.39,6.84,5.83,7.61,6.47,6.90,6.55
Indigo,11/1/1989,6/1/1991,577,6.17,7.57,7.28,7.64,7.12,7.63,6.79,6.55,7.03,6.88,7.09,7.23,7.32,5.93,7.69,7.74,7.54,6.47,58.80,57.38,52.02,60.01,7.65,48.14,59.37,47.17,6.57,6.53,7.04,6.25,7.13,69.64,7.27,7.19,6.93,6.43,6.00,68.10,7.42,55.38,49.90,6.64,7.12,6.93,6.88,7.18,5.97,6.41,6.79,5.91,6.68,6.98,6.79,6.91,7.47,6.91,6.56,7.28,7.69,7.90,7.54,7.69,7.85,7.22,6.03,6.17,6.19,7.40,7.48
Iris File,2/1/1990,10/1/1990,242,6.68,6.62,5.70,5.42,5.70,5.99,5.96,5.94,6.72,5.43,6.80,6.36,6.44,6.49,6.29,6.75,6.38,6.83,58.14,55.98,51.73,47.87,5.82,52.69,53.86,38.45,5.72,6.47,6.66,5.69,5.93,57.81,6.39,5.38,6.63,6.69,5.22,50.77,5.86,46.38,43.08,6.26,5.50,6.57,6.84,6.22,6.15,5.95,6.13,5.13,5.90,6.65,6.73,6.85,6.03,5.39,5.36,6.06,5.28,5.73,6.56,6.22,6.04,5.22,5.99,5.16,6.69,6.77,5.71
Personal IRIS,7/1/1989,11/1/1991,853,8.00,7.50,7.83,7.33,6.80,8.19,6.51,6.63,8.11,8.03,7.29,8.27,6.33,7.31,7.14,7.62,7.52,7.56,56.24,62.90,63.88,64.32,6.41,57.43,56.27,57.58,7.56,7.96,6.58,6.61,8.26,62.36,6.23,6.61,8.09,7.46,7.16,72.56,6.75,51.02,50.24,6.46,6.37,8.37,7.95,6.65,7.05,7.22,8.34,8.25,6.65,7.25,7.74,7.01,7.82,6.93,7.66,6.56,7.26,7.90,8.17,7.79,8.15,6.49,6.90,8.22,6.95,7.79,7.63
EPT-1000,1/1/1987,6/1/1989,882,7.57,8.21,6.81,7.87,6.29,6.37,8.27,7.54,6.95,8.44,6.49,8.39,7.23,7.21,7.54,6.96,6.72,8.42,66.56,62.02,61.46,56.02,7.50,65.49,53.40,50.51,6.81,7.07,6.39,7.45,6.51,67.38,7.52,7.64,7.90,7.75,8.37,74.24,7.00,55.66,58.23,7.34,8.20,7.65,6.79,8.45,7.31,6.94,6.69,8.25,6.41,7.79,8.16,6.86,8.08,8.24,7.73,7.08,6.91,7.06,8.29,7.22,8.01,7.04,6.38,6.68,6.52,8.38,6.98
