 Slug Name,Project Start,Project End,days,Communication Skills,Feasibility Analysis,Ideation,User-Centered Design,Trend Analysis,Problem Solving,Design Planning,Cross-functional Collaboration,Product Conceptualization,User Experience (UX) Design,Innovation,Design Research,Risk Assessment,Cost/Benefit Analysis,Technical Feasibility,Decision Making,Business Acumen,Technical Communication,CAD (Computer-Aided Design),Prototyping,Materials Knowledge,Product Testing,Performance Analysis,Reliability Testing,Usability Testing,Simulation,Data Analysis,Continuous Improvement,Iterative Design,Value Engineering,Feedback Incorporation,Iterative Prototyping,Process Optimization,Materials Selection,Production Planning,Supplier Management,Cost Reduction,Design for Manufacturing (DFM),Jig and Fixture Design,Testing Automation,Tolerance Analysis,Production Coordination,Assembly Processes,Quality Management,Lean Manufacturing,Six Sigma,Inspection Techniques,Statistical Process Control (SPC),Human Factors and Ergonomics,Geometric Design and Tolerancing (GD&T),Failure Mode and Effects Analysis (FMEA),Graphic Design,Consumer Psychology,Product Launch Planning,Supply Chain Management,Logistics Planning,Global Logistics,Project Management,Launch Planning,Stakeholder Communication,Risk Management,Project Coordination,Customer Feedback Analysis,Product Knowledge,Post-Launch Analysis,KPI Tracking,Root Cause Analysis,Lessons Learned,Agile Methodology
dreamjob,11/23/2025,12/31/2040,5517,275.85,55.17,55.17,55.17,55.17,275.85,275.85,55.17,110.34,55.17,55.17,165.51,55.17,55.17,55.17,165.51,55.17,275.85,55.17,275.85,55.17,165.51,55.17,110.34,55.17,110.34,55.17,55.17,55.17,55.17,55.17,55.17,55.17,55.17,55.17,55.17,55.17,55.17,55.17,55.17,55.17,55.17,55.17,55.17,55.17,55.17,55.17,55.17,55.17,55.17,55.17,55.17,55.17,55.17,55.17,55.17,55.17,55.17,55.17,55.17,55.17,165.51,55.17,55.17,55.17,55.17,55.17,55.17,55.17
Freelance,9/1/2022,11/23/2025,1179,58.95,11.79,11.79,11.79,11.79,58.95,58.95,11.79,23.58,11.79,11.79,35.37,11.79,11.79,11.79,35.37,11.79,58.95,11.79,58.95,11.79,35.37,11.79,23.58,11.79,23.58,11.79,11.79,11.79,11.79,11.79,11.79,11.79,11.79,11.79,11.79,11.79,11.79,11.79,11.79,11.79,11.79,11.79,11.79,11.79,11.79,11.79,11.79,11.79,11.79,11.79,11.79,11.79,11.79,11.79,11.79,11.79,11.79,11.79,11.79,11.79,35.37,11.79,11.79,11.79,11.79,11.79,11.79,11.79
Makeline,5/1/2021,8/24/2022,480,24,4.8,4.8,4.8,4.8,24,24,4.8,9.6,4.8,4.8,14.4,4.8,4.8,4.8,14.4,4.8,24,4.8,24,4.8,14.4,4.8,9.6,4.8,9.6,4.8,4.8,4.8,4.8,4.8,4.8,4.8,4.8,4.8,4.8,4.8,4.8,4.8,4.8,4.8,4.8,4.8,4.8,4.8,4.8,4.8,4.8,4.8,4.8,4.8,4.8,4.8,4.8,4.8,4.8,4.8,4.8,4.8,4.8,4.8,14.4,4.8,4.8,4.8,4.8,4.8,4.8,4.8
Dispensers,12/1/2021,8/24/2022,266,13.3,2.66,2.66,2.66,2.66,13.3,13.3,2.66,5.32,2.66,2.66,7.98,2.66,2.66,2.66,7.98,2.66,13.3,2.66,13.3,2.66,7.98,2.66,5.32,2.66,5.32,2.66,2.66,2.66,2.66,2.66,2.66,2.66,2.66,2.66,2.66,2.66,2.66,2.66,2.66,2.66,2.66,2.66,2.66,2.66,2.66,2.66,2.66,2.66,2.66,2.66,2.66,2.66,2.66,2.66,2.66,2.66,2.66,2.66,2.66,2.66,7.98,2.66,2.66,2.66,2.66,2.66,2.66,2.66
Backsplash,7/1/2021,12/31/2021,183,9.15,1.83,1.83,1.83,1.83,9.15,9.15,1.83,3.66,1.83,1.83,5.49,1.83,1.83,1.83,5.49,1.83,9.15,1.83,9.15,1.83,5.49,1.83,3.66,1.83,3.66,1.83,1.83,1.83,1.83,1.83,1.83,1.83,1.83,1.83,1.83,1.83,1.83,1.83,1.83,1.83,1.83,1.83,1.83,1.83,1.83,1.83,1.83,1.83,1.83,1.83,1.83,1.83,1.83,1.83,1.83,1.83,1.83,1.83,1.83,1.83,5.49,1.83,1.83,1.83,1.83,1.83,1.83,1.83
Portion Cup,5/1/2021,8/15/2021,106,5.3,1.06,1.06,1.06,1.06,5.3,5.3,1.06,2.12,1.06,1.06,3.18,1.06,1.06,1.06,3.18,1.06,5.3,1.06,5.3,1.06,3.18,1.06,2.12,1.06,2.12,1.06,1.06,1.06,1.06,1.06,1.06,1.06,1.06,1.06,1.06,1.06,1.06,1.06,1.06,1.06,1.06,1.06,1.06,1.06,1.06,1.06,1.06,1.06,1.06,1.06,1.06,1.06,1.06,1.06,1.06,1.06,1.06,1.06,1.06,1.06,3.18,1.06,1.06,1.06,1.06,1.06,1.06,1.06
Pet Scale,2/1/2019,3/15/2019,42,2.1,0.42,0.42,0.42,0.42,2.1,2.1,0.42,0.84,0.42,0.42,1.26,0.42,0.42,0.42,1.26,0.42,2.1,0.42,2.1,0.42,1.26,0.42,0.84,0.42,0.84,0.42,0.42,0.42,0.42,0.42,0.42,0.42,0.42,0.42,0.42,0.42,0.42,0.42,0.42,0.42,0.42,0.42,0.42,0.42,0.42,0.42,0.42,0.42,0.42,0.42,0.42,0.42,0.42,0.42,0.42,0.42,0.42,0.42,0.42,0.42,1.26,0.42,0.42,0.42,0.42,0.42,0.42,0.42
electronic battery lock,1/1/2019,4/15/2019,104,5.2,1.04,1.04,1.04,1.04,5.2,5.2,1.04,2.08,1.04,1.04,3.12,1.04,1.04,1.04,3.12,1.04,5.2,1.04,5.2,1.04,3.12,1.04,2.08,1.04,2.08,1.04,1.04,1.04,1.04,1.04,1.04,1.04,1.04,1.04,1.04,1.04,1.04,1.04,1.04,1.04,1.04,1.04,1.04,1.04,1.04,1.04,1.04,1.04,1.04,1.04,1.04,1.04,1.04,1.04,1.04,1.04,1.04,1.04,1.04,1.04,3.12,1.04,1.04,1.04,1.04,1.04,1.04,1.04
IOT module,11/1/2018,2/1/2019,92,4.6,0.92,0.92,0.92,0.92,4.6,4.6,0.92,1.84,0.92,0.92,2.76,0.92,0.92,0.92,2.76,0.92,4.6,0.92,4.6,0.92,2.76,0.92,1.84,0.92,1.84,0.92,0.92,0.92,0.92,0.92,0.92,0.92,0.92,0.92,0.92,0.92,0.92,0.92,0.92,0.92,0.92,0.92,0.92,0.92,0.92,0.92,0.92,0.92,0.92,0.92,0.92,0.92,0.92,0.92,0.92,0.92,0.92,0.92,0.92,0.92,2.76,0.92,0.92,0.92,0.92,0.92,0.92,0.92
bay wheels,11/1/2018,5/1/2019,181,9.05,1.81,1.81,1.81,1.81,9.05,9.05,1.81,3.62,1.81,1.81,5.43,1.81,1.81,1.81,5.43,1.81,9.05,1.81,9.05,1.81,5.43,1.81,3.62,1.81,3.62,1.81,1.81,1.81,1.81,1.81,1.81,1.81,1.81,1.81,1.81,1.81,1.81,1.81,1.81,1.81,1.81,1.81,1.81,1.81,1.81,1.81,1.81,1.81,1.81,1.81,1.81,1.81,1.81,1.81,1.81,1.81,1.81,1.81,1.81,1.81,5.43,1.81,1.81,1.81,1.81,1.81,1.81,1.81
Switches,7/1/2017,3/1/2018,243,12.15,2.43,2.43,2.43,2.43,12.15,12.15,2.43,4.86,2.43,2.43,7.29,2.43,2.43,2.43,7.29,2.43,12.15,2.43,12.15,2.43,7.29,2.43,4.86,2.43,4.86,2.43,2.43,2.43,2.43,2.43,2.43,2.43,2.43,2.43,2.43,2.43,2.43,2.43,2.43,2.43,2.43,2.43,2.43,2.43,2.43,2.43,2.43,2.43,2.43,2.43,2.43,2.43,2.43,2.43,2.43,2.43,2.43,2.43,2.43,2.43,7.29,2.43,2.43,2.43,2.43,2.43,2.43,2.43
Extension Switches,3/1/2017,2/1/2018,337,16.85,3.37,3.37,3.37,3.37,16.85,16.85,3.37,6.74,3.37,3.37,10.11,3.37,3.37,3.37,10.11,3.37,16.85,3.37,16.85,3.37,10.11,3.37,6.74,3.37,6.74,3.37,3.37,3.37,3.37,3.37,3.37,3.37,3.37,3.37,3.37,3.37,3.37,3.37,3.37,3.37,3.37,3.37,3.37,3.37,3.37,3.37,3.37,3.37,3.37,3.37,3.37,3.37,3.37,3.37,3.37,3.37,3.37,3.37,3.37,3.37,10.11,3.37,3.37,3.37,3.37,3.37,3.37,3.37
Room Director,8/1/2017,1/1/2018,153,7.65,1.53,1.53,1.53,1.53,7.65,7.65,1.53,3.06,1.53,1.53,4.59,1.53,1.53,1.53,4.59,1.53,7.65,1.53,7.65,1.53,4.59,1.53,3.06,1.53,3.06,1.53,1.53,1.53,1.53,1.53,1.53,1.53,1.53,1.53,1.53,1.53,1.53,1.53,1.53,1.53,1.53,1.53,1.53,1.53,1.53,1.53,1.53,1.53,1.53,1.53,1.53,1.53,1.53,1.53,1.53,1.53,1.53,1.53,1.53,1.53,4.59,1.53,1.53,1.53,1.53,1.53,1.53,1.53
Wall Plates,3/1/2017,2/1/2018,337,16.85,3.37,3.37,3.37,3.37,16.85,16.85,3.37,6.74,3.37,3.37,10.11,3.37,3.37,3.37,10.11,3.37,16.85,3.37,16.85,3.37,10.11,3.37,6.74,3.37,6.74,3.37,3.37,3.37,3.37,3.37,3.37,3.37,3.37,3.37,3.37,3.37,3.37,3.37,3.37,3.37,3.37,3.37,3.37,3.37,3.37,3.37,3.37,3.37,3.37,3.37,3.37,3.37,3.37,3.37,3.37,3.37,3.37,3.37,3.37,3.37,10.11,3.37,3.37,3.37,3.37,3.37,3.37,3.37
Base,3/17/2017,5/1/2018,410,20.5,4.1,4.1,4.1,4.1,20.5,20.5,4.1,8.2,4.1,4.1,12.3,4.1,4.1,4.1,12.3,4.1,20.5,4.1,20.5,4.1,12.3,4.1,8.2,4.1,8.2,4.1,4.1,4.1,4.1,4.1,4.1,4.1,4.1,4.1,4.1,4.1,4.1,4.1,4.1,4.1,4.1,4.1,4.1,4.1,4.1,4.1,4.1,4.1,4.1,4.1,4.1,4.1,4.1,4.1,4.1,4.1,4.1,4.1,4.1,4.1,12.3,4.1,4.1,4.1,4.1,4.1,4.1,4.1
Glyph 2,10/17/2015,3/1/2017,501,25.05,5.01,5.01,5.01,5.01,25.05,25.05,5.01,10.02,5.01,5.01,15.03,5.01,5.01,5.01,15.03,5.01,25.05,5.01,25.05,5.01,15.03,5.01,10.02,5.01,10.02,5.01,5.01,5.01,5.01,5.01,5.01,5.01,5.01,5.01,5.01,5.01,5.01,5.01,5.01,5.01,5.01,5.01,5.01,5.01,5.01,5.01,5.01,5.01,5.01,5.01,5.01,5.01,5.01,5.01,5.01,5.01,5.01,5.01,5.01,5.01,15.03,5.01,5.01,5.01,5.01,5.01,5.01,5.01
Glyph,6/1/2015,3/1/2017,639,31.95,6.39,6.39,6.39,6.39,31.95,31.95,6.39,12.78,6.39,6.39,19.17,6.39,6.39,6.39,19.17,6.39,31.95,6.39,31.95,6.39,19.17,6.39,12.78,6.39,12.78,6.39,6.39,6.39,6.39,6.39,6.39,6.39,6.39,6.39,6.39,6.39,6.39,6.39,6.39,6.39,6.39,6.39,6.39,6.39,6.39,6.39,6.39,6.39,6.39,6.39,6.39,6.39,6.39,6.39,6.39,6.39,6.39,6.39,6.39,6.39,19.17,6.39,6.39,6.39,6.39,6.39,6.39,6.39
BFD,12/1/2016,3/14/2024,2660,133,26.6,26.6,26.6,26.6,133,133,26.6,53.2,26.6,26.6,79.8,26.6,26.6,26.6,79.8,26.6,133,26.6,133,26.6,79.8,26.6,53.2,26.6,53.2,26.6,26.6,26.6,26.6,26.6,26.6,26.6,26.6,26.6,26.6,26.6,26.6,26.6,26.6,26.6,26.6,26.6,26.6,26.6,26.6,26.6,26.6,26.6,26.6,26.6,26.6,26.6,26.6,26.6,26.6,26.6,26.6,26.6,26.6,26.6,79.8,26.6,26.6,26.6,26.6,26.6,26.6,26.6
Strato,6/1/2014,2/1/2015,245,12.25,2.45,2.45,2.45,2.45,12.25,12.25,2.45,4.9,2.45,2.45,7.35,2.45,2.45,2.45,7.35,2.45,12.25,2.45,12.25,2.45,7.35,2.45,4.9,2.45,4.9,2.45,2.45,2.45,2.45,2.45,2.45,2.45,2.45,2.45,2.45,2.45,2.45,2.45,2.45,2.45,2.45,2.45,2.45,2.45,2.45,2.45,2.45,2.45,2.45,2.45,2.45,2.45,2.45,2.45,2.45,2.45,2.45,2.45,2.45,2.45,7.35,2.45,2.45,2.45,2.45,2.45,2.45,2.45
Cinema One,8/1/2012,9/1/2013,396,19.8,3.96,3.96,3.96,3.96,19.8,19.8,3.96,7.92,3.96,3.96,11.88,3.96,3.96,3.96,11.88,3.96,19.8,3.96,19.8,3.96,11.88,3.96,7.92,3.96,7.92,3.96,3.96,3.96,3.96,3.96,3.96,3.96,3.96,3.96,3.96,3.96,3.96,3.96,3.96,3.96,3.96,3.96,3.96,3.96,3.96,3.96,3.96,3.96,3.96,3.96,3.96,3.96,3.96,3.96,3.96,3.96,3.96,3.96,3.96,3.96,11.88,3.96,3.96,3.96,3.96,3.96,3.96,3.96
M700,8/1/2010,7/1/2011,334,16.7,3.34,3.34,3.34,3.34,16.7,16.7,3.34,6.68,3.34,3.34,10.02,3.34,3.34,3.34,10.02,3.34,16.7,3.34,16.7,3.34,10.02,3.34,6.68,3.34,6.68,3.34,3.34,3.34,3.34,3.34,3.34,3.34,3.34,3.34,3.34,3.34,3.34,3.34,3.34,3.34,3.34,3.34,3.34,3.34,3.34,3.34,3.34,3.34,3.34,3.34,3.34,3.34,3.34,3.34,3.34,3.34,3.34,3.34,3.34,3.34,10.02,3.34,3.34,3.34,3.34,3.34,3.34,3.34
DV700,8/2/2010,7/2/2011,334,16.7,3.34,3.34,3.34,3.34,16.7,16.7,3.34,6.68,3.34,3.34,10.02,3.34,3.34,3.34,10.02,3.34,16.7,3.34,16.7,3.34,10.02,3.34,6.68,3.34,6.68,3.34,3.34,3.34,3.34,3.34,3.34,3.34,3.34,3.34,3.34,3.34,3.34,3.34,3.34,3.34,3.34,3.34,3.34,3.34,3.34,3.34,3.34,3.34,3.34,3.34,3.34,3.34,3.34,3.34,3.34,3.34,3.34,3.34,3.34,3.34,10.02,3.34,3.34,3.34,3.34,3.34,3.34,3.34
Disc Cartridges,6/1/2010,12/1/2010,183,9.15,1.83,1.83,1.83,1.83,9.15,9.15,1.83,3.66,1.83,1.83,5.49,1.83,1.83,1.83,5.49,1.83,9.15,1.83,9.15,1.83,5.49,1.83,3.66,1.83,3.66,1.83,1.83,1.83,1.83,1.83,1.83,1.83,1.83,1.83,1.83,1.83,1.83,1.83,1.83,1.83,1.83,1.83,1.83,1.83,1.83,1.83,1.83,1.83,1.83,1.83,1.83,1.83,1.83,1.83,1.83,1.83,1.83,1.83,1.83,1.83,5.49,1.83,1.83,1.83,1.83,1.83,1.83,1.83
K-Remote,4/20/2009,8/1/2009,103,5.15,1.03,1.03,1.03,1.03,5.15,5.15,1.03,2.06,1.03,1.03,3.09,1.03,1.03,1.03,3.09,1.03,5.15,1.03,5.15,1.03,3.09,1.03,2.06,1.03,2.06,1.03,1.03,1.03,1.03,1.03,1.03,1.03,1.03,1.03,1.03,1.03,1.03,1.03,1.03,1.03,1.03,1.03,1.03,1.03,1.03,1.03,1.03,1.03,1.03,1.03,1.03,1.03,1.03,1.03,1.03,1.03,1.03,1.03,1.03,1.03,3.09,1.03,1.03,1.03,1.03,1.03,1.03,1.03
Weemote,6/1/2010,8/1/2010,61,3.05,0.61,0.61,0.61,0.61,3.05,3.05,0.61,1.22,0.61,0.61,1.83,0.61,0.61,0.61,1.83,0.61,3.05,0.61,3.05,0.61,1.83,0.61,1.22,0.61,1.22,0.61,0.61,0.61,0.61,0.61,0.61,0.61,0.61,0.61,0.61,0.61,0.61,0.61,0.61,0.61,0.61,0.61,0.61,0.61,0.61,0.61,0.61,0.61,0.61,0.61,0.61,0.61,0.61,0.61,0.61,0.61,0.61,0.61,0.61,0.61,1.83,0.61,0.61,0.61,0.61,0.61,0.61,0.61
M500,4/1/2010,7/1/2010,91,4.55,0.91,0.91,0.91,0.91,4.55,4.55,0.91,1.82,0.91,0.91,2.73,0.91,0.91,0.91,2.73,0.91,4.55,0.91,4.55,0.91,2.73,0.91,1.82,0.91,1.82,0.91,0.91,0.91,0.91,0.91,0.91,0.91,0.91,0.91,0.91,0.91,0.91,0.91,0.91,0.91,0.91,0.91,0.91,0.91,0.91,0.91,0.91,0.91,0.91,0.91,0.91,0.91,0.91,0.91,0.91,0.91,0.91,0.91,0.91,0.91,2.73,0.91,0.91,0.91,0.91,0.91,0.91,0.91
M300,3/1/2010,5/1/2010,61,3.05,0.61,0.61,0.61,0.61,3.05,3.05,0.61,1.22,0.61,0.61,1.83,0.61,0.61,0.61,1.83,0.61,3.05,0.61,3.05,0.61,1.83,0.61,1.22,0.61,1.22,0.61,0.61,0.61,0.61,0.61,0.61,0.61,0.61,0.61,0.61,0.61,0.61,0.61,0.61,0.61,0.61,0.61,0.61,0.61,0.61,0.61,0.61,0.61,0.61,0.61,0.61,0.61,0.61,0.61,0.61,0.61,0.61,0.61,0.61,0.61,1.83,0.61,0.61,0.61,0.61,0.61,0.61,0.61
KSERVER-1500,3/2/2010,5/2/2010,61,3.05,0.61,0.61,0.61,0.61,3.05,3.05,0.61,1.22,0.61,0.61,1.83,0.61,0.61,0.61,1.83,0.61,3.05,0.61,3.05,0.61,1.83,0.61,1.22,0.61,1.22,0.61,0.61,0.61,0.61,0.61,0.61,0.61,0.61,0.61,0.61,0.61,0.61,0.61,0.61,0.61,0.61,0.61,0.61,0.61,0.61,0.61,0.61,0.61,0.61,0.61,0.61,0.61,0.61,0.61,0.61,0.61,0.61,0.61,0.61,0.61,1.83,0.61,0.61,0.61,0.61,0.61,0.61,0.61
KVAULT-10,9/1/2010,6/1/2011,273,13.65,2.73,2.73,2.73,2.73,13.65,13.65,2.73,5.46,2.73,2.73,8.19,2.73,2.73,2.73,8.19,2.73,13.65,2.73,13.65,2.73,8.19,2.73,5.46,2.73,5.46,2.73,2.73,2.73,2.73,2.73,2.73,2.73,2.73,2.73,2.73,2.73,2.73,2.73,2.73,2.73,2.73,2.73,2.73,2.73,2.73,2.73,2.73,2.73,2.73,2.73,2.73,2.73,2.73,2.73,2.73,2.73,2.73,2.73,2.73,2.73,8.19,2.73,2.73,2.73,2.73,2.73,2.73,2.73
Jewel,6/1/2009,4/1/2010,304,15.2,3.04,3.04,3.04,3.04,15.2,15.2,3.04,6.08,3.04,3.04,9.12,3.04,3.04,3.04,9.12,3.04,15.2,3.04,15.2,3.04,9.12,3.04,6.08,3.04,6.08,3.04,3.04,3.04,3.04,3.04,3.04,3.04,3.04,3.04,3.04,3.04,3.04,3.04,3.04,3.04,3.04,3.04,3.04,3.04,3.04,3.04,3.04,3.04,3.04,3.04,3.04,3.04,3.04,3.04,3.04,3.04,3.04,3.04,3.04,3.04,9.12,3.04,3.04,3.04,3.04,3.04,3.04,3.04
KSYSTEM-120,1/1/2009,6/1/2009,151,7.55,1.51,1.51,1.51,1.51,7.55,7.55,1.51,3.02,1.51,1.51,4.53,1.51,1.51,1.51,4.53,1.51,7.55,1.51,7.55,1.51,4.53,1.51,3.02,1.51,3.02,1.51,1.51,1.51,1.51,1.51,1.51,1.51,1.51,1.51,1.51,1.51,1.51,1.51,1.51,1.51,1.51,1.51,1.51,1.51,1.51,1.51,1.51,1.51,1.51,1.51,1.51,1.51,1.51,1.51,1.51,1.51,1.51,1.51,1.51,1.51,4.53,1.51,1.51,1.51,1.51,1.51,1.51,1.51
KSERVER-5000,6/1/2008,3/1/2009,273,13.65,2.73,2.73,2.73,2.73,13.65,13.65,2.73,5.46,2.73,2.73,8.19,2.73,2.73,2.73,8.19,2.73,13.65,2.73,13.65,2.73,8.19,2.73,5.46,2.73,5.46,2.73,2.73,2.73,2.73,2.73,2.73,2.73,2.73,2.73,2.73,2.73,2.73,2.73,2.73,2.73,2.73,2.73,2.73,2.73,2.73,2.73,2.73,2.73,2.73,2.73,2.73,2.73,2.73,2.73,2.73,2.73,2.73,2.73,2.73,2.73,8.19,2.73,2.73,2.73,2.73,2.73,2.73,2.73
Speed Reader,5/1/2008,2/1/2009,276,13.8,2.76,2.76,2.76,2.76,13.8,13.8,2.76,5.52,2.76,2.76,8.28,2.76,2.76,2.76,8.28,2.76,13.8,2.76,13.8,2.76,8.28,2.76,5.52,2.76,5.52,2.76,2.76,2.76,2.76,2.76,2.76,2.76,2.76,2.76,2.76,2.76,2.76,2.76,2.76,2.76,2.76,2.76,2.76,2.76,2.76,2.76,2.76,2.76,2.76,2.76,2.76,2.76,2.76,2.76,2.76,2.76,2.76,2.76,2.76,2.76,8.28,2.76,2.76,2.76,2.76,2.76,2.76,2.76
KSERVER-1500,5/1/2008,8/1/2008,92,4.6,0.92,0.92,0.92,0.92,4.6,4.6,0.92,1.84,0.92,0.92,2.76,0.92,0.92,0.92,2.76,0.92,4.6,0.92,4.6,0.92,2.76,0.92,1.84,0.92,1.84,0.92,0.92,0.92,0.92,0.92,0.92,0.92,0.92,0.92,0.92,0.92,0.92,0.92,0.92,0.92,0.92,0.92,0.92,0.92,0.92,0.92,0.92,0.92,0.92,0.92,0.92,0.92,0.92,0.92,0.92,0.92,0.92,0.92,0.92,0.92,2.76,0.92,0.92,0.92,0.92,0.92,0.92,0.92
KPLAYER-300,3/1/2008,1/1/2009,306,15.3,3.06,3.06,3.06,3.06,15.3,15.3,3.06,6.12,3.06,3.06,9.18,3.06,3.06,3.06,9.18,3.06,15.3,3.06,15.3,3.06,9.18,3.06,6.12,3.06,6.12,3.06,3.06,3.06,3.06,3.06,3.06,3.06,3.06,3.06,3.06,3.06,3.06,3.06,3.06,3.06,3.06,3.06,3.06,3.06,3.06,3.06,3.06,3.06,3.06,3.06,3.06,3.06,3.06,3.06,3.06,3.06,3.06,3.06,3.06,3.06,9.18,3.06,3.06,3.06,3.06,3.06,3.06,3.06
KPLAYER-6000,3/2/2008,1/2/2009,306,15.3,3.06,3.06,3.06,3.06,15.3,15.3,3.06,6.12,3.06,3.06,9.18,3.06,3.06,3.06,9.18,3.06,15.3,3.06,15.3,3.06,9.18,3.06,6.12,3.06,6.12,3.06,3.06,3.06,3.06,3.06,3.06,3.06,3.06,3.06,3.06,3.06,3.06,3.06,3.06,3.06,3.06,3.06,3.06,3.06,3.06,3.06,3.06,3.06,3.06,3.06,3.06,3.06,3.06,3.06,3.06,3.06,3.06,3.06,3.06,3.06,9.18,3.06,3.06,3.06,3.06,3.06,3.06,3.06
KPLAYER-5000,3/1/2008,12/1/2008,275,13.75,2.75,2.75,2.75,2.75,13.75,13.75,2.75,5.5,2.75,2.75,8.25,2.75,2.75,2.75,8.25,2.75,13.75,2.75,13.75,2.75,8.25,2.75,5.5,2.75,5.5,2.75,2.75,2.75,2.75,2.75,2.75,2.75,2.75,2.75,2.75,2.75,2.75,2.75,2.75,2.75,2.75,2.75,2.75,2.75,2.75,2.75,2.75,2.75,2.75,2.75,2.75,2.75,2.75,2.75,2.75,2.75,2.75,2.75,2.75,2.75,8.25,2.75,2.75,2.75,2.75,2.75,2.75,2.75
KPLAYER-2500,3/2/2008,12/2/2008,275,13.75,2.75,2.75,2.75,2.75,13.75,13.75,2.75,5.5,2.75,2.75,8.25,2.75,2.75,2.75,8.25,2.75,13.75,2.75,13.75,2.75,8.25,2.75,5.5,2.75,5.5,2.75,2.75,2.75,2.75,2.75,2.75,2.75,2.75,2.75,2.75,2.75,2.75,2.75,2.75,2.75,2.75,2.75,2.75,2.75,2.75,2.75,2.75,2.75,2.75,2.75,2.75,2.75,2.75,2.75,2.75,2.75,2.75,2.75,2.75,2.75,8.25,2.75,2.75,2.75,2.75,2.75,2.75,2.75
KSERVER-2500,3/3/2008,12/3/2008,275,13.75,2.75,2.75,2.75,2.75,13.75,13.75,2.75,5.5,2.75,2.75,8.25,2.75,2.75,2.75,8.25,2.75,13.75,2.75,13.75,2.75,8.25,2.75,5.5,2.75,5.5,2.75,2.75,2.75,2.75,2.75,2.75,2.75,2.75,2.75,2.75,2.75,2.75,2.75,2.75,2.75,2.75,2.75,2.75,2.75,2.75,2.75,2.75,2.75,2.75,2.75,2.75,2.75,2.75,2.75,2.75,2.75,2.75,2.75,2.75,2.75,8.25,2.75,2.75,2.75,2.75,2.75,2.75,2.75
Mbox 2 Micro,10/1/2007,4/1/2008,183,9.15,1.83,1.83,1.83,1.83,9.15,9.15,1.83,3.66,1.83,1.83,5.49,1.83,1.83,1.83,5.49,1.83,9.15,1.83,9.15,1.83,5.49,1.83,3.66,1.83,3.66,1.83,1.83,1.83,1.83,1.83,1.83,1.83,1.83,1.83,1.83,1.83,1.83,1.83,1.83,1.83,1.83,1.83,1.83,1.83,1.83,1.83,1.83,1.83,1.83,1.83,1.83,1.83,1.83,1.83,1.83,1.83,1.83,1.83,1.83,1.83,5.49,1.83,1.83,1.83,1.83,1.83,1.83,1.83
003 Rack,5/1/2007,10/1/2007,153,7.65,1.53,1.53,1.53,1.53,7.65,7.65,1.53,3.06,1.53,1.53,4.59,1.53,1.53,1.53,4.59,1.53,7.65,1.53,7.65,1.53,4.59,1.53,3.06,1.53,3.06,1.53,1.53,1.53,1.53,1.53,1.53,1.53,1.53,1.53,1.53,1.53,1.53,1.53,1.53,1.53,1.53,1.53,1.53,1.53,1.53,1.53,1.53,1.53,1.53,1.53,1.53,1.53,1.53,1.53,1.53,1.53,1.53,1.53,1.53,1.53,4.59,1.53,1.53,1.53,1.53,1.53,1.53,1.53
Mbox 2 Mini,2/1/2007,5/1/2007,89,4.45,0.89,0.89,0.89,0.89,4.45,4.45,0.89,1.78,0.89,0.89,2.67,0.89,0.89,0.89,2.67,0.89,4.45,0.89,4.45,0.89,2.67,0.89,1.78,0.89,1.78,0.89,0.89,0.89,0.89,0.89,0.89,0.89,0.89,0.89,0.89,0.89,0.89,0.89,0.89,0.89,0.89,0.89,0.89,0.89,0.89,0.89,0.89,0.89,0.89,0.89,0.89,0.89,0.89,0.89,0.89,0.89,0.89,0.89,0.89,0.89,2.67,0.89,0.89,0.89,0.89,0.89,0.89,0.89
Mbox 2 Pro,6/1/2006,11/1/2006,153,7.65,1.53,1.53,1.53,1.53,7.65,7.65,1.53,3.06,1.53,1.53,4.59,1.53,1.53,1.53,4.59,1.53,7.65,1.53,7.65,1.53,4.59,1.53,3.06,1.53,3.06,1.53,1.53,1.53,1.53,1.53,1.53,1.53,1.53,1.53,1.53,1.53,1.53,1.53,1.53,1.53,1.53,1.53,1.53,1.53,1.53,1.53,1.53,1.53,1.53,1.53,1.53,1.53,1.53,1.53,1.53,1.53,1.53,1.53,1.53,1.53,4.59,1.53,1.53,1.53,1.53,1.53,1.53,1.53
003,6/1/2006,2/1/2007,245,12.25,2.45,2.45,2.45,2.45,12.25,12.25,2.45,4.9,2.45,2.45,7.35,2.45,2.45,2.45,7.35,2.45,12.25,2.45,12.25,2.45,7.35,2.45,4.9,2.45,4.9,2.45,2.45,2.45,2.45,2.45,2.45,2.45,2.45,2.45,2.45,2.45,2.45,2.45,2.45,2.45,2.45,2.45,2.45,2.45,2.45,2.45,2.45,2.45,2.45,2.45,2.45,2.45,2.45,2.45,2.45,2.45,2.45,2.45,2.45,2.45,7.35,2.45,2.45,2.45,2.45,2.45,2.45,2.45
Control 24,8/1/2006,7/1/2007,334,16.7,3.34,3.34,3.34,3.34,16.7,16.7,3.34,6.68,3.34,3.34,10.02,3.34,3.34,3.34,10.02,3.34,16.7,3.34,16.7,3.34,10.02,3.34,6.68,3.34,6.68,3.34,3.34,3.34,3.34,3.34,3.34,3.34,3.34,3.34,3.34,3.34,3.34,3.34,3.34,3.34,3.34,3.34,3.34,3.34,3.34,3.34,3.34,3.34,3.34,3.34,3.34,3.34,3.34,3.34,3.34,3.34,3.34,3.34,3.34,3.34,10.02,3.34,3.34,3.34,3.34,3.34,3.34,3.34
Mbox 2,9/1/2005,11/1/2005,61,3.05,0.61,0.61,0.61,0.61,3.05,3.05,0.61,1.22,0.61,0.61,1.83,0.61,0.61,0.61,1.83,0.61,3.05,0.61,3.05,0.61,1.83,0.61,1.22,0.61,1.22,0.61,0.61,0.61,0.61,0.61,0.61,0.61,0.61,0.61,0.61,0.61,0.61,0.61,0.61,0.61,0.61,0.61,0.61,0.61,0.61,0.61,0.61,0.61,0.61,0.61,0.61,0.61,0.61,0.61,0.61,0.61,0.61,0.61,0.61,0.61,1.83,0.61,0.61,0.61,0.61,0.61,0.61,0.61
Profile,2/1/2005,7/1/2005,150,7.5,1.5,1.5,1.5,1.5,7.5,7.5,1.5,3,1.5,1.5,4.5,1.5,1.5,1.5,4.5,1.5,7.5,1.5,7.5,1.5,4.5,1.5,3,1.5,3,1.5,1.5,1.5,1.5,1.5,1.5,1.5,1.5,1.5,1.5,1.5,1.5,1.5,1.5,1.5,1.5,1.5,1.5,1.5,1.5,1.5,1.5,1.5,1.5,1.5,1.5,1.5,1.5,1.5,1.5,1.5,1.5,1.5,1.5,1.5,4.5,1.5,1.5,1.5,1.5,1.5,1.5,1.5
D-Show,2/1/2005,7/1/2005,150,7.5,1.5,1.5,1.5,1.5,7.5,7.5,1.5,3,1.5,1.5,4.5,1.5,1.5,1.5,4.5,1.5,7.5,1.5,7.5,1.5,4.5,1.5,3,1.5,3,1.5,1.5,1.5,1.5,1.5,1.5,1.5,1.5,1.5,1.5,1.5,1.5,1.5,1.5,1.5,1.5,1.5,1.5,1.5,1.5,1.5,1.5,1.5,1.5,1.5,1.5,1.5,1.5,1.5,1.5,1.5,1.5,1.5,1.5,1.5,4.5,1.5,1.5,1.5,1.5,1.5,1.5,1.5
D-Control,8/1/2004,3/1/2005,212,10.6,2.12,2.12,2.12,2.12,10.6,10.6,2.12,4.24,2.12,2.12,6.36,2.12,2.12,2.12,6.36,2.12,10.6,2.12,10.6,2.12,6.36,2.12,4.24,2.12,4.24,2.12,2.12,2.12,2.12,2.12,2.12,2.12,2.12,2.12,2.12,2.12,2.12,2.12,2.12,2.12,2.12,2.12,2.12,2.12,2.12,2.12,2.12,2.12,2.12,2.12,2.12,2.12,2.12,2.12,2.12,2.12,2.12,2.12,2.12,2.12,6.36,2.12,2.12,2.12,2.12,2.12,2.12,2.12
D-Command,4/1/2004,9/1/2004,153,7.65,1.53,1.53,1.53,1.53,7.65,7.65,1.53,3.06,1.53,1.53,4.59,1.53,1.53,1.53,4.59,1.53,7.65,1.53,7.65,1.53,4.59,1.53,3.06,1.53,3.06,1.53,1.53,1.53,1.53,1.53,1.53,1.53,1.53,1.53,1.53,1.53,1.53,1.53,1.53,1.53,1.53,1.53,1.53,1.53,1.53,1.53,1.53,1.53,1.53,1.53,1.53,1.53,1.53,1.53,1.53,1.53,1.53,1.53,1.53,1.53,4.59,1.53,1.53,1.53,1.53,1.53,1.53,1.53
Pro Control Jr.,6/1/2003,4/1/2004,305,15.25,3.05,3.05,3.05,3.05,15.25,15.25,3.05,6.1,3.05,3.05,9.15,3.05,3.05,3.05,9.15,3.05,15.25,3.05,15.25,3.05,9.15,3.05,6.1,3.05,6.1,3.05,3.05,3.05,3.05,3.05,3.05,3.05,3.05,3.05,3.05,3.05,3.05,3.05,3.05,3.05,3.05,3.05,3.05,3.05,3.05,3.05,3.05,3.05,3.05,3.05,3.05,3.05,3.05,3.05,3.05,3.05,3.05,3.05,3.05,3.05,9.15,3.05,3.05,3.05,3.05,3.05,3.05,3.05
002 Rack,5/1/2003,10/1/2003,153,7.65,1.53,1.53,1.53,1.53,7.65,7.65,1.53,3.06,1.53,1.53,4.59,1.53,1.53,1.53,4.59,1.53,7.65,1.53,7.65,1.53,4.59,1.53,3.06,1.53,3.06,1.53,1.53,1.53,1.53,1.53,1.53,1.53,1.53,1.53,1.53,1.53,1.53,1.53,1.53,1.53,1.53,1.53,1.53,1.53,1.53,1.53,1.53,1.53,1.53,1.53,1.53,1.53,1.53,1.53,1.53,1.53,1.53,1.53,1.53,1.53,4.59,1.53,1.53,1.53,1.53,1.53,1.53,1.53
Mbox,3/1/2003,10/1/2003,214,10.7,2.14,2.14,2.14,2.14,10.7,10.7,2.14,4.28,2.14,2.14,6.42,2.14,2.14,2.14,6.42,2.14,10.7,2.14,10.7,2.14,6.42,2.14,4.28,2.14,4.28,2.14,2.14,2.14,2.14,2.14,2.14,2.14,2.14,2.14,2.14,2.14,2.14,2.14,2.14,2.14,2.14,2.14,2.14,2.14,2.14,2.14,2.14,2.14,2.14,2.14,2.14,2.14,2.14,2.14,2.14,2.14,2.14,2.14,2.14,2.14,6.42,2.14,2.14,2.14,2.14,2.14,2.14,2.14
Xbox,9/1/2002,12/1/2002,91,4.55,0.91,0.91,0.91,0.91,4.55,4.55,0.91,1.82,0.91,0.91,2.73,0.91,0.91,0.91,2.73,0.91,4.55,0.91,4.55,0.91,2.73,0.91,1.82,0.91,1.82,0.91,0.91,0.91,0.91,0.91,0.91,0.91,0.91,0.91,0.91,0.91,0.91,0.91,0.91,0.91,0.91,0.91,0.91,0.91,0.91,0.91,0.91,0.91,0.91,0.91,0.91,0.91,0.91,0.91,0.91,0.91,0.91,0.91,0.91,0.91,2.73,0.91,0.91,0.91,0.91,0.91,0.91,0.91
Receiver 5,6/1/2002,8/1/2002,61,3.05,0.61,0.61,0.61,0.61,3.05,3.05,0.61,1.22,0.61,0.61,1.83,0.61,0.61,0.61,1.83,0.61,3.05,0.61,3.05,0.61,1.83,0.61,1.22,0.61,1.22,0.61,0.61,0.61,0.61,0.61,0.61,0.61,0.61,0.61,0.61,0.61,0.61,0.61,0.61,0.61,0.61,0.61,0.61,0.61,0.61,0.61,0.61,0.61,0.61,0.61,0.61,0.61,0.61,0.61,0.61,0.61,0.61,0.61,0.61,0.61,1.83,0.61,0.61,0.61,0.61,0.61,0.61,0.61
Receiver 4,1/1/2002,5/1/2002,120,6,1.2,1.2,1.2,1.2,6,6,1.2,2.4,1.2,1.2,3.6,1.2,1.2,1.2,3.6,1.2,6,1.2,6,1.2,3.6,1.2,2.4,1.2,2.4,1.2,1.2,1.2,1.2,1.2,1.2,1.2,1.2,1.2,1.2,1.2,1.2,1.2,1.2,1.2,1.2,1.2,1.2,1.2,1.2,1.2,1.2,1.2,1.2,1.2,1.2,1.2,1.2,1.2,1.2,1.2,1.2,1.2,1.2,1.2,3.6,1.2,1.2,1.2,1.2,1.2,1.2,1.2
Receiver 3,10/1/2001,12/1/2001,61,3.05,0.61,0.61,0.61,0.61,3.05,3.05,0.61,1.22,0.61,0.61,1.83,0.61,0.61,0.61,1.83,0.61,3.05,0.61,3.05,0.61,1.83,0.61,1.22,0.61,1.22,0.61,0.61,0.61,0.61,0.61,0.61,0.61,0.61,0.61,0.61,0.61,0.61,0.61,0.61,0.61,0.61,0.61,0.61,0.61,0.61,0.61,0.61,0.61,0.61,0.61,0.61,0.61,0.61,0.61,0.61,0.61,0.61,0.61,0.61,0.61,1.83,0.61,0.61,0.61,0.61,0.61,0.61,0.61
Receiver 2,9/1/2001,11/1/2001,61,3.05,0.61,0.61,0.61,0.61,3.05,3.05,0.61,1.22,0.61,0.61,1.83,0.61,0.61,0.61,1.83,0.61,3.05,0.61,3.05,0.61,1.83,0.61,1.22,0.61,1.22,0.61,0.61,0.61,0.61,0.61,0.61,0.61,0.61,0.61,0.61,0.61,0.61,0.61,0.61,0.61,0.61,0.61,0.61,0.61,0.61,0.61,0.61,0.61,0.61,0.61,0.61,0.61,0.61,0.61,0.61,0.61,0.61,0.61,0.61,0.61,1.83,0.61,0.61,0.61,0.61,0.61,0.61,0.61
Mercury LC,7/1/2001,1/1/2002,184,9.2,1.84,1.84,1.84,1.84,9.2,9.2,1.84,3.68,1.84,1.84,5.52,1.84,1.84,1.84,5.52,1.84,9.2,1.84,9.2,1.84,5.52,1.84,3.68,1.84,3.68,1.84,1.84,1.84,1.84,1.84,1.84,1.84,1.84,1.84,1.84,1.84,1.84,1.84,1.84,1.84,1.84,1.84,1.84,1.84,1.84,1.84,1.84,1.84,1.84,1.84,1.84,1.84,1.84,1.84,1.84,1.84,1.84,1.84,1.84,1.84,5.52,1.84,1.84,1.84,1.84,1.84,1.84,1.84
usb box,6/1/2001,8/1/2001,61,3.05,0.61,0.61,0.61,0.61,3.05,3.05,0.61,1.22,0.61,0.61,1.83,0.61,0.61,0.61,1.83,0.61,3.05,0.61,3.05,0.61,1.83,0.61,1.22,0.61,1.22,0.61,0.61,0.61,0.61,0.61,0.61,0.61,0.61,0.61,0.61,0.61,0.61,0.61,0.61,0.61,0.61,0.61,0.61,0.61,0.61,0.61,0.61,0.61,0.61,0.61,0.61,0.61,0.61,0.61,0.61,0.61,0.61,0.61,0.61,0.61,1.83,0.61,0.61,0.61,0.61,0.61,0.61,0.61
Remotes,5/1/2001,8/1/2001,92,4.6,0.92,0.92,0.92,0.92,4.6,4.6,0.92,1.84,0.92,0.92,2.76,0.92,0.92,0.92,2.76,0.92,4.6,0.92,4.6,0.92,2.76,0.92,1.84,0.92,1.84,0.92,0.92,0.92,0.92,0.92,0.92,0.92,0.92,0.92,0.92,0.92,0.92,0.92,0.92,0.92,0.92,0.92,0.92,0.92,0.92,0.92,0.92,0.92,0.92,0.92,0.92,0.92,0.92,0.92,0.92,0.92,0.92,0.92,0.92,0.92,2.76,0.92,0.92,0.92,0.92,0.92,0.92,0.92
Receiver 1,4/1/2001,11/1/2001,214,10.7,2.14,2.14,2.14,2.14,10.7,10.7,2.14,4.28,2.14,2.14,6.42,2.14,2.14,2.14,6.42,2.14,10.7,2.14,10.7,2.14,6.42,2.14,4.28,2.14,4.28,2.14,2.14,2.14,2.14,2.14,2.14,2.14,2.14,2.14,2.14,2.14,2.14,2.14,2.14,2.14,2.14,2.14,2.14,2.14,2.14,2.14,2.14,2.14,2.14,2.14,2.14,2.14,2.14,2.14,2.14,2.14,2.14,2.14,2.14,2.14,6.42,2.14,2.14,2.14,2.14,2.14,2.14,2.14
Node,12/1/2000,1/1/2001,31,1.55,0.31,0.31,0.31,0.31,1.55,1.55,0.31,0.62,0.31,0.31,0.93,0.31,0.31,0.31,0.93,0.31,1.55,0.31,1.55,0.31,0.93,0.31,0.62,0.31,0.62,0.31,0.31,0.31,0.31,0.31,0.31,0.31,0.31,0.31,0.31,0.31,0.31,0.31,0.31,0.31,0.31,0.31,0.31,0.31,0.31,0.31,0.31,0.31,0.31,0.31,0.31,0.31,0.31,0.31,0.31,0.31,0.31,0.31,0.31,0.31,0.93,0.31,0.31,0.31,0.31,0.31,0.31,0.31
Media Nodes,11/1/2000,4/1/2001,151,7.55,1.51,1.51,1.51,1.51,7.55,7.55,1.51,3.02,1.51,1.51,4.53,1.51,1.51,1.51,4.53,1.51,7.55,1.51,7.55,1.51,4.53,1.51,3.02,1.51,3.02,1.51,1.51,1.51,1.51,1.51,1.51,1.51,1.51,1.51,1.51,1.51,1.51,1.51,1.51,1.51,1.51,1.51,1.51,1.51,1.51,1.51,1.51,1.51,1.51,1.51,1.51,1.51,1.51,1.51,1.51,1.51,1.51,1.51,1.51,1.51,4.53,1.51,1.51,1.51,1.51,1.51,1.51,1.51
MP6000 MP3 Player,7/1/2000,11/1/2000,123,6.15,1.23,1.23,1.23,1.23,6.15,6.15,1.23,2.46,1.23,1.23,3.69,1.23,1.23,1.23,3.69,1.23,6.15,1.23,6.15,1.23,3.69,1.23,2.46,1.23,2.46,1.23,1.23,1.23,1.23,1.23,1.23,1.23,1.23,1.23,1.23,1.23,1.23,1.23,1.23,1.23,1.23,1.23,1.23,1.23,1.23,1.23,1.23,1.23,1.23,1.23,1.23,1.23,1.23,1.23,1.23,1.23,1.23,1.23,1.23,1.23,3.69,1.23,1.23,1.23,1.23,1.23,1.23,1.23
Keyboard,5/1/2000,7/1/2000,61,3.05,0.61,0.61,0.61,0.61,3.05,3.05,0.61,1.22,0.61,0.61,1.83,0.61,0.61,0.61,1.83,0.61,3.05,0.61,3.05,0.61,1.83,0.61,1.22,0.61,1.22,0.61,0.61,0.61,0.61,0.61,0.61,0.61,0.61,0.61,0.61,0.61,0.61,0.61,0.61,0.61,0.61,0.61,0.61,0.61,0.61,0.61,0.61,0.61,0.61,0.61,0.61,0.61,0.61,0.61,0.61,0.61,0.61,0.61,0.61,0.61,1.83,0.61,0.61,0.61,0.61,0.61,0.61,0.61
LapTV,4/1/2000,6/1/2000,61,3.05,0.61,0.61,0.61,0.61,3.05,3.05,0.61,1.22,0.61,0.61,1.83,0.61,0.61,0.61,1.83,0.61,3.05,0.61,3.05,0.61,1.83,0.61,1.22,0.61,1.22,0.61,0.61,0.61,0.61,0.61,0.61,0.61,0.61,0.61,0.61,0.61,0.61,0.61,0.61,0.61,0.61,0.61,0.61,0.61,0.61,0.61,0.61,0.61,0.61,0.61,0.61,0.61,0.61,0.61,0.61,0.61,0.61,0.61,0.61,0.61,1.83,0.61,0.61,0.61,0.61,0.61,0.61,0.61
Remote,4/1/2000,5/1/2000,30,1.5,0.3,0.3,0.3,0.3,1.5,1.5,0.3,0.6,0.3,0.3,0.9,0.3,0.3,0.3,0.9,0.3,1.5,0.3,1.5,0.3,0.9,0.3,0.6,0.3,0.6,0.3,0.3,0.3,0.3,0.3,0.3,0.3,0.3,0.3,0.3,0.3,0.3,0.3,0.3,0.3,0.3,0.3,0.3,0.3,0.3,0.3,0.3,0.3,0.3,0.3,0.3,0.3,0.3,0.3,0.3,0.3,0.3,0.3,0.3,0.3,0.9,0.3,0.3,0.3,0.3,0.3,0.3,0.3
Netscreen-500,2/1/2000,4/1/2000,60,3,0.6,0.6,0.6,0.6,3,3,0.6,1.2,0.6,0.6,1.8,0.6,0.6,0.6,1.8,0.6,3,0.6,3,0.6,1.8,0.6,1.2,0.6,1.2,0.6,0.6,0.6,0.6,0.6,0.6,0.6,0.6,0.6,0.6,0.6,0.6,0.6,0.6,0.6,0.6,0.6,0.6,0.6,0.6,0.6,0.6,0.6,0.6,0.6,0.6,0.6,0.6,0.6,0.6,0.6,0.6,0.6,0.6,0.6,1.8,0.6,0.6,0.6,0.6,0.6,0.6,0.6
320 540,8/1/1998,9/1/1998,31,1.55,0.31,0.31,0.31,0.31,1.55,1.55,0.31,0.62,0.31,0.31,0.93,0.31,0.31,0.31,0.93,0.31,1.55,0.31,1.55,0.31,0.93,0.31,0.62,0.31,0.62,0.31,0.31,0.31,0.31,0.31,0.31,0.31,0.31,0.31,0.31,0.31,0.31,0.31,0.31,0.31,0.31,0.31,0.31,0.31,0.31,0.31,0.31,0.31,0.31,0.31,0.31,0.31,0.31,0.31,0.31,0.31,0.31,0.31,0.31,0.31,0.93,0.31,0.31,0.31,0.31,0.31,0.31,0.31
HP Jornada,6/1/1998,7/1/1998,30,1.5,0.3,0.3,0.3,0.3,1.5,1.5,0.3,0.6,0.3,0.3,0.9,0.3,0.3,0.3,0.9,0.3,1.5,0.3,1.5,0.3,0.9,0.3,0.6,0.3,0.6,0.3,0.3,0.3,0.3,0.3,0.3,0.3,0.3,0.3,0.3,0.3,0.3,0.3,0.3,0.3,0.3,0.3,0.3,0.3,0.3,0.3,0.3,0.3,0.3,0.3,0.3,0.3,0.3,0.3,0.3,0.3,0.3,0.3,0.3,0.3,0.9,0.3,0.3,0.3,0.3,0.3,0.3,0.3
DVDO Player,3/1/1998,5/1/1998,61,3.05,0.61,0.61,0.61,0.61,3.05,3.05,0.61,1.22,0.61,0.61,1.83,0.61,0.61,0.61,1.83,0.61,3.05,0.61,3.05,0.61,1.83,0.61,1.22,0.61,1.22,0.61,0.61,0.61,0.61,0.61,0.61,0.61,0.61,0.61,0.61,0.61,0.61,0.61,0.61,0.61,0.61,0.61,0.61,0.61,0.61,0.61,0.61,0.61,0.61,0.61,0.61,0.61,0.61,0.61,0.61,0.61,0.61,0.61,0.61,0.61,1.83,0.61,0.61,0.61,0.61,0.61,0.61,0.61
Vadem Clio,10/1/1997,11/1/1997,31,1.55,0.31,0.31,0.31,0.31,1.55,1.55,0.31,0.62,0.31,0.31,0.93,0.31,0.31,0.31,0.93,0.31,1.55,0.31,1.55,0.31,0.93,0.31,0.62,0.31,0.62,0.31,0.31,0.31,0.31,0.31,0.31,0.31,0.31,0.31,0.31,0.31,0.31,0.31,0.31,0.31,0.31,0.31,0.31,0.31,0.31,0.31,0.31,0.31,0.31,0.31,0.31,0.31,0.31,0.31,0.31,0.31,0.31,0.31,0.31,0.31,0.93,0.31,0.31,0.31,0.31,0.31,0.31,0.31
KaVo Dental Unit 2,7/1/1997,12/1/1997,153,7.65,1.53,1.53,1.53,1.53,7.65,7.65,1.53,3.06,1.53,1.53,4.59,1.53,1.53,1.53,4.59,1.53,7.65,1.53,7.65,1.53,4.59,1.53,3.06,1.53,3.06,1.53,1.53,1.53,1.53,1.53,1.53,1.53,1.53,1.53,1.53,1.53,1.53,1.53,1.53,1.53,1.53,1.53,1.53,1.53,1.53,1.53,1.53,1.53,1.53,1.53,1.53,1.53,1.53,1.53,1.53,1.53,1.53,1.53,1.53,1.53,4.59,1.53,1.53,1.53,1.53,1.53,1.53,1.53
Acer Phone,7/1/1997,8/1/1997,31,1.55,0.31,0.31,0.31,0.31,1.55,1.55,0.31,0.62,0.31,0.31,0.93,0.31,0.31,0.31,0.93,0.31,1.55,0.31,1.55,0.31,0.93,0.31,0.62,0.31,0.62,0.31,0.31,0.31,0.31,0.31,0.31,0.31,0.31,0.31,0.31,0.31,0.31,0.31,0.31,0.31,0.31,0.31,0.31,0.31,0.31,0.31,0.31,0.31,0.31,0.31,0.31,0.31,0.31,0.31,0.31,0.31,0.31,0.31,0.31,0.31,0.93,0.31,0.31,0.31,0.31,0.31,0.31,0.31
KaVo Dental Unit 1,7/1/1997,10/1/1997,92,4.6,0.92,0.92,0.92,0.92,4.6,4.6,0.92,1.84,0.92,0.92,2.76,0.92,0.92,0.92,2.76,0.92,4.6,0.92,4.6,0.92,2.76,0.92,1.84,0.92,1.84,0.92,0.92,0.92,0.92,0.92,0.92,0.92,0.92,0.92,0.92,0.92,0.92,0.92,0.92,0.92,0.92,0.92,0.92,0.92,0.92,0.92,0.92,0.92,0.92,0.92,0.92,0.92,0.92,0.92,0.92,0.92,0.92,0.92,0.92,0.92,2.76,0.92,0.92,0.92,0.92,0.92,0.92,0.92
Acer subwoofer,6/1/1997,8/1/1997,61,3.05,0.61,0.61,0.61,0.61,3.05,3.05,0.61,1.22,0.61,0.61,1.83,0.61,0.61,0.61,1.83,0.61,3.05,0.61,3.05,0.61,1.83,0.61,1.22,0.61,1.22,0.61,0.61,0.61,0.61,0.61,0.61,0.61,0.61,0.61,0.61,0.61,0.61,0.61,0.61,0.61,0.61,0.61,0.61,0.61,0.61,0.61,0.61,0.61,0.61,0.61,0.61,0.61,0.61,0.61,0.61,0.61,0.61,0.61,0.61,0.61,1.83,0.61,0.61,0.61,0.61,0.61,0.61,0.61
Newscorp set-top box,2/1/1997,10/1/1997,242,12.1,2.42,2.42,2.42,2.42,12.1,12.1,2.42,4.84,2.42,2.42,7.26,2.42,2.42,2.42,7.26,2.42,12.1,2.42,12.1,2.42,7.26,2.42,4.84,2.42,4.84,2.42,2.42,2.42,2.42,2.42,2.42,2.42,2.42,2.42,2.42,2.42,2.42,2.42,2.42,2.42,2.42,2.42,2.42,2.42,2.42,2.42,2.42,2.42,2.42,2.42,2.42,2.42,2.42,2.42,2.42,2.42,2.42,2.42,2.42,2.42,7.26,2.42,2.42,2.42,2.42,2.42,2.42,2.42
Packard Bell Convertible,2/1/1996,3/1/1996,29,1.45,0.29,0.29,0.29,0.29,1.45,1.45,0.29,0.58,0.29,0.29,0.87,0.29,0.29,0.29,0.87,0.29,1.45,0.29,1.45,0.29,0.87,0.29,0.58,0.29,0.58,0.29,0.29,0.29,0.29,0.29,0.29,0.29,0.29,0.29,0.29,0.29,0.29,0.29,0.29,0.29,0.29,0.29,0.29,0.29,0.29,0.29,0.29,0.29,0.29,0.29,0.29,0.29,0.29,0.29,0.29,0.29,0.29,0.29,0.29,0.29,0.87,0.29,0.29,0.29,0.29,0.29,0.29,0.29
Acer Aspire,2/1/1996,5/1/1996,90,4.5,0.9,0.9,0.9,0.9,4.5,4.5,0.9,1.8,0.9,0.9,2.7,0.9,0.9,0.9,2.7,0.9,4.5,0.9,4.5,0.9,2.7,0.9,1.8,0.9,1.8,0.9,0.9,0.9,0.9,0.9,0.9,0.9,0.9,0.9,0.9,0.9,0.9,0.9,0.9,0.9,0.9,0.9,0.9,0.9,0.9,0.9,0.9,0.9,0.9,0.9,0.9,0.9,0.9,0.9,0.9,0.9,0.9,0.9,0.9,0.9,2.7,0.9,0.9,0.9,0.9,0.9,0.9,0.9
Fissler BBQ,5/1/1995,1/1/1996,245,12.25,2.45,2.45,2.45,2.45,12.25,12.25,2.45,4.9,2.45,2.45,7.35,2.45,2.45,2.45,7.35,2.45,12.25,2.45,12.25,2.45,7.35,2.45,4.9,2.45,4.9,2.45,2.45,2.45,2.45,2.45,2.45,2.45,2.45,2.45,2.45,2.45,2.45,2.45,2.45,2.45,2.45,2.45,2.45,2.45,2.45,2.45,2.45,2.45,2.45,2.45,2.45,2.45,2.45,2.45,2.45,2.45,2.45,2.45,2.45,2.45,7.35,2.45,2.45,2.45,2.45,2.45,2.45,2.45
Sunbeam window toaster,1/1/1995,3/1/1995,59,2.95,0.59,0.59,0.59,0.59,2.95,2.95,0.59,1.18,0.59,0.59,1.77,0.59,0.59,0.59,1.77,0.59,2.95,0.59,2.95,0.59,1.77,0.59,1.18,0.59,1.18,0.59,0.59,0.59,0.59,0.59,0.59,0.59,0.59,0.59,0.59,0.59,0.59,0.59,0.59,0.59,0.59,0.59,0.59,0.59,0.59,0.59,0.59,0.59,0.59,0.59,0.59,0.59,0.59,0.59,0.59,0.59,0.59,0.59,0.59,0.59,1.77,0.59,0.59,0.59,0.59,0.59,0.59,0.59
Frantic Frames,4/1/1992,3/1/1993,334,16.7,3.34,3.34,3.34,3.34,16.7,16.7,3.34,6.68,3.34,3.34,10.02,3.34,3.34,3.34,10.02,3.34,16.7,3.34,16.7,3.34,10.02,3.34,6.68,3.34,6.68,3.34,3.34,3.34,3.34,3.34,3.34,3.34,3.34,3.34,3.34,3.34,3.34,3.34,3.34,3.34,3.34,3.34,3.34,3.34,3.34,3.34,3.34,3.34,3.34,3.34,3.34,3.34,3.34,3.34,3.34,3.34,3.34,3.34,3.34,3.34,10.02,3.34,3.34,3.34,3.34,3.34,3.34,3.34
Indy,3/1/1992,1/1/1993,306,15.3,3.06,3.06,3.06,3.06,15.3,15.3,3.06,6.12,3.06,3.06,9.18,3.06,3.06,3.06,9.18,3.06,15.3,3.06,15.3,3.06,9.18,3.06,6.12,3.06,6.12,3.06,3.06,3.06,3.06,3.06,3.06,3.06,3.06,3.06,3.06,3.06,3.06,3.06,3.06,3.06,3.06,3.06,3.06,3.06,3.06,3.06,3.06,3.06,3.06,3.06,3.06,3.06,3.06,3.06,3.06,3.06,3.06,3.06,3.06,3.06,9.18,3.06,3.06,3.06,3.06,3.06,3.06,3.06
Indigo II,4/1/1991,10/1/1992,549,27.45,5.49,5.49,5.49,5.49,27.45,27.45,5.49,10.98,5.49,5.49,16.47,5.49,5.49,5.49,16.47,5.49,27.45,5.49,27.45,5.49,16.47,5.49,10.98,5.49,10.98,5.49,5.49,5.49,5.49,5.49,5.49,5.49,5.49,5.49,5.49,5.49,5.49,5.49,5.49,5.49,5.49,5.49,5.49,5.49,5.49,5.49,5.49,5.49,5.49,5.49,5.49,5.49,5.49,5.49,5.49,5.49,5.49,5.49,5.49,5.49,16.47,5.49,5.49,5.49,5.49,5.49,5.49,5.49
Indigo,11/1/1989,6/1/1991,577,28.85,5.77,5.77,5.77,5.77,28.85,28.85,5.77,11.54,5.77,5.77,17.31,5.77,5.77,5.77,17.31,5.77,28.85,5.77,28.85,5.77,17.31,5.77,11.54,5.77,11.54,5.77,5.77,5.77,5.77,5.77,5.77,5.77,5.77,5.77,5.77,5.77,5.77,5.77,5.77,5.77,5.77,5.77,5.77,5.77,5.77,5.77,5.77,5.77,5.77,5.77,5.77,5.77,5.77,5.77,5.77,5.77,5.77,5.77,5.77,5.77,17.31,5.77,5.77,5.77,5.77,5.77,5.77,5.77
Iris File,2/1/1990,10/1/1990,242,12.1,2.42,2.42,2.42,2.42,12.1,12.1,2.42,4.84,2.42,2.42,7.26,2.42,2.42,2.42,7.26,2.42,12.1,2.42,12.1,2.42,7.26,2.42,4.84,2.42,4.84,2.42,2.42,2.42,2.42,2.42,2.42,2.42,2.42,2.42,2.42,2.42,2.42,2.42,2.42,2.42,2.42,2.42,2.42,2.42,2.42,2.42,2.42,2.42,2.42,2.42,2.42,2.42,2.42,2.42,2.42,2.42,2.42,2.42,2.42,2.42,7.26,2.42,2.42,2.42,2.42,2.42,2.42,2.42
Personal IRIS,7/1/1989,11/1/1991,853,42.65,8.53,8.53,8.53,8.53,42.65,42.65,8.53,17.06,8.53,8.53,25.59,8.53,8.53,8.53,25.59,8.53,42.65,8.53,42.65,8.53,25.59,8.53,17.06,8.53,17.06,8.53,8.53,8.53,8.53,8.53,8.53,8.53,8.53,8.53,8.53,8.53,8.53,8.53,8.53,8.53,8.53,8.53,8.53,8.53,8.53,8.53,8.53,8.53,8.53,8.53,8.53,8.53,8.53,8.53,8.53,8.53,8.53,8.53,8.53,8.53,25.59,8.53,8.53,8.53,8.53,8.53,8.53,8.53
EPT-1000,1/1/1987,6/1/1989,882,44.1,8.82,8.82,8.82,8.82,44.1,44.1,8.82,17.64,8.82,8.82,26.46,8.82,8.82,8.82,26.46,8.82,44.1,8.82,44.1,8.82,26.46,8.82,17.64,8.82,17.64,8.82,8.82,8.82,8.82,8.82,8.82,8.82,8.82,8.82,8.82,8.82,8.82,8.82,8.82,8.82,8.82,8.82,8.82,8.82,8.82,8.82,8.82,8.82,8.82,8.82,8.82,8.82,8.82,8.82,8.82,8.82,8.82,8.82,8.82,8.82,26.46,8.82,8.82,8.82,8.82,8.82,8.82,8.82
